chapter,image_url,name
0,https://sg-tools-cdn.blablalink.com/ct-85/ge-76/jy-58/7966bce4e68facdc7e5f25fe8c0c86b4.webp,추락
1,https://sg-tools-cdn.blablalink.com/fa-55/rc-64/zj-58/a8f1aabc5c75969e347406d05c49f05b.webp,침식
2,https://sg-tools-cdn.blablalink.com/hh-25/ca-52/ou-58/c5d61206869c934e97aea70a49651fe8.webp,인식
3,https://sg-tools-cdn.blablalink.com/jo-94/my-40/ef-58/4f62fed229da290faea48cb48298e284.webp,감각
4,https://sg-tools-cdn.blablalink.com/lv-64/rt-81/tq-58/d448640fcf6605d04434245de1125898.webp,헌화
5,https://sg-tools-cdn.blablalink.com/cj-27/cr-69/jb-58/1d9d478ffbf90d99131d7c8f7b43b6bf.webp,환상
6,https://sg-tools-cdn.blablalink.com/eq-96/np-57/ym-58/ae042f8f6e76d1d51b229b62b4f21c11.webp,순례
7,https://sg-tools-cdn.blablalink.com/gx-66/yn-45/nx-58/21924efc611eb296b1586520365df7b9.webp,재회
8,https://sg-tools-cdn.blablalink.com/je-36/jl-33/di-58/43de96f324f417c548fd670fd0e6a2d2.webp,갈등
9,https://sg-tools-cdn.blablalink.com/ll-06/uj-21/st-58/6024d2ee7557a60df1f33b9a4d8cd091.webp,비밀
10,https://sg-tools-cdn.blablalink.com/es-57/to-13/ee-97/d57dc719ca3639f64e7e606dd8cc8ff6.webp,동료
11,https://sg-tools-cdn.blablalink.com/vg-20/em-01/tp-97/10af4b6a437d5edb4bff1fc579f265ab.webp,최강
12,https://sg-tools-cdn.blablalink.com/xn-89/pk-88/ja-97/be9e9d902f8d559406346c835a126bae.webp,고향
13,https://sg-tools-cdn.blablalink.com/zu-59/ai-76/yl-97/16187d7b4a597b107a0937789256c76b.webp,회귀
14,https://sg-tools-cdn.blablalink.com/cb-29/lg-64/nw-97/fde2ccad156cdbe7674a561ec3e93969.webp,여행
15,https://sg-tools-cdn.blablalink.com/vf-23/we-52/dh-97/7b9d6b3dc1182cca1c315f8db79b8f29.webp,행운
16,https://sg-tools-cdn.blablalink.com/xm-92/hc-40/ss-97/7b3cf4f2198720496d46e4f7415e387b.webp,낙인
17,https://sg-tools-cdn.blablalink.com/zt-62/sa-28/id-97/bb9e115397f90bc6d76cdce68171d654.webp,지표
18,https://sg-tools-cdn.blablalink.com/ca-32/cy-16/xo-97/0de4edeabe5a221cec12579fda35e48a.webp,영웅
19,https://sg-tools-cdn.blablalink.com/so-94/nw-04/mz-97/8ce52db283200a44501c2cf0944f0b2a.webp,낙원
20,https://sg-tools-cdn.blablalink.com/lv-46/xr-73/td-97/750e125f73dc9dd272e1c632329f7fbb.webp,화룡
21,https://sg-tools-cdn.blablalink.com/oc-16/ip-61/io-97/55f27158cf9b16a3073e0423c91df446.webp,거경
22,https://sg-tools-cdn.blablalink.com/qj-85/tn-49/xz-97/1b0a9f39d37967351aafea298fdac328.webp,침략
23,https://sg-tools-cdn.blablalink.com/sq-55/el-37/nk-97/ccf0c3ba80edf73b46b984b7ed94cc9d.webp,감옥
24,https://sg-tools-cdn.blablalink.com/ux-25/jg-78/cv-97/46d722656b862196f1b383c8299070e0.webp,추방
25,https://sg-tools-cdn.blablalink.com/ll-87/ue-66/sg-97/0942573caa897ef1d9d72a4f356bdc5d.webp,추적
26,https://sg-tools-cdn.blablalink.com/ns-57/fc-54/hr-97/1c2d55537fcf92786b4b869a5c110659.webp,귀환
27,https://sg-tools-cdn.blablalink.com/pz-27/qa-42/xc-97/557aadf2fb4989f3e3d170979f1d566b.webp,탐색
28,https://sg-tools-cdn.blablalink.com/sg-96/ay-30/mn-97/40bb5011e96766fb05c0dbbb2a2eb000.webp,미지
29,https://sg-tools-cdn.blablalink.com/un-66/lw-18/by-97/08d012b1cdf6c1820b2a9663195221ee.webp,구출
30,https://sg-tools-cdn.blablalink.com/nu-18/vr-87/ez-54/119985d08635836898aa3af086a043c9.webp,보물
31,https://sg-tools-cdn.blablalink.com/ei-80/gp-75/uk-54/496a74ebb62b9daa62e2386c24604a3c.webp,마수
32,https://sg-tools-cdn.blablalink.com/gp-50/rn-63/jv-54/266301579d2f006b98039b49a9e8f726.webp,전진
33,https://sg-tools-cdn.blablalink.com/iw-20/cl-51/zg-54/940632d6591a38fe55503f480936f28e.webp,격돌
34,https://sg-tools-cdn.blablalink.com/ld-89/nj-39/or-54/ea1b7e08af26836c3f120b351a691ecb.webp,계승
35,https://sg-tools-cdn.blablalink.com/nk-59/yh-27/ec-54/95387be7e940d20f23d693660d19f6a7.webp,대화
36,https://sg-tools-cdn.blablalink.com/pr-29/jf-15/tn-54/3735eb79a0255187af430c38cba6aace.webp,배신
37,https://sg-tools-cdn.blablalink.com/ry-98/oa-56/iy-54/30f2e4474e52047c2fbf148f8a691fda.webp,분투
38,https://sg-tools-cdn.blablalink.com/im-61/yy-44/yj-54/128ca2dc328c079606325302febdd378.webp,탐식
39,https://sg-tools-cdn.blablalink.com/kt-31/jw-32/nu-54/e3b640014e5cac8753e6ddf41cbec4e8.webp,인자
40,https://sg-tools-cdn.blablalink.com/ea-82/pe-70/ty-54/f8f6f8e4f9cdddbb076d95734d379473.webp,선택
41,https://sg-tools-cdn.blablalink.com/gh-52/ac-58/jj-54/e1df935cd8e8c8da38fd4d674a41cb30.webp,탄생
42,https://sg-tools-cdn.blablalink.com/io-22/la-46/yu-54/01b34259055989a2aecc2671755eeff9.webp,유일
43,https://sg-tools-cdn.blablalink.com/kv-91/pv-87/of-54/8264b62bfb9fc32731341794dac9e549.webp,열쇠
44,https://sg-tools-cdn.blablalink.com/bj-54/at-75/dq-54/eade1e4e92fe8a473940f26eca335d95.webp,행보
45,https://sg-tools-cdn.blablalink.com/dq-24/lr-63/tb-54/1691a9b1fa69d84b16ec7980e8257afd.webp,죗값
46,https://sg-tools-cdn.blablalink.com/fx-93/wp-51/im-54/f6a5857862580d1c1db4ad8ff3808f7f.webp,신생
