chapter,stage,normal_power,normal_boss,normal_code,normal_type,hard_power,hard_boss,hard_code,hard_type,story,notes
0,1,?,,?,,5700,,수냉,,○,BA-01 다운
0,2,140,,수냉,,6300,,수냉,,○,
0,3,350,,철갑,,9900,,수냉,,○,
1,1,460,,수냉,,12900,,철갑,,○,
1,2,520,,전격,,14800,,철갑,,○,
1,3,610,,철갑,,16500,,철갑,,○,
1,4,1160,블랙스미스,수냉,보스전,18300,블랙스미스,수냉,보스전,○,시뮬레이션 룸 개방
2,1,490,,작열,,23400,,전격,,○,아케이드 개방
2,2,520,,작열,,23700,,전격,,,
2,EX스테이지,80레벨 고정,알트아이젠,수냉,EX보스전,110레벨 고정,알트아이젠,수냉,EX보스전,,
2,3,560,,작열,,24400,,전격,,○,
2,4,610,,작열,,25400,,전격,,,
2,5,660,,작열,,26200,,전격,,○,
2,6,710,,작열,,26600,,전격,,○,상점 개방
2,7,760,,작열,,26900,,전격,,,
2,8,800,,작열,,27900,,전격,,○,
2,9,840,,작열,,30200,,전격,,○,
2,10,860,,작열,,30700,,전격,,,
2,11,900,,작열,,31800,,전격,,○,
2,12,1030,그레이브 디거,풍압,보스전,32900,그레이브 디거,풍압,보스전,○,"임시 합류, 전초기지 개방 / 리세마라 구간"
3,1,1180,,풍압,,44000,,풍압,,○,
3,2,1240,,풍압,,46000,,풍압,,,
3,3,1310,,풍압,,46600,,풍압,,,트라이브 타워 개방
3,4,1400,,풍압,,48100,,풍압,,,
3,5,1470,,풍압,,49400,,풍압,,○,
3,6,1650,,풍압,,50100,,풍압,,,택틱 아카데미 개방
3,7,1800,,풍압,,51600,,풍압,,,
3,8,1980,,풍압,,51600,,풍압,,○,
3,9,2150,,풍압,,52800,,풍압,,,일반개체 요격전 LEVEL D 개방
3,10,2290,,풍압,,53500,,풍압,,,
3,11,2510,,풍압,,54800,,풍압,,○,
3,EX스테이지,80레벨 고정,테르밋B,풍압,EX보스전,140레벨 고정,테르밋B,풍압,EX보스전,,
3,12,2660,,풍압,거점방어전,56000,,풍압,거점방어전,○,
3,13,2920,,풍압,,56600,,풍압,,,
3,14,3170,,풍압,,58200,,풍압,,○,
3,15,3400,,풍압,,58700,,풍압,,,
3,16,3600,스푸키,풍압,보스전,65800,스푸키,풍압,보스전,○,"아레나, 아레나 상점 개방"
4,1,3720,,풍압,,78000,,풍압,,○,
4,2,3740,,풍압,,79200,,풍압,,,"유니온, 유니온 상점 개방"
4,3,3900,,풍압,,81500,,풍압,,○,
4,4,3910,,풍압,,84500,,풍압,,○,
4,5,3930,,풍압,,87600,,풍압,,,
4,6,4050,토커티브,작열,보스전,89900,토커티브,작열,보스전,○,
4,7,4070,,풍압,,90700,,풍압,,,
4,8,4080,,풍압,,91600,,풍압,,,
4,9,4290,,풍압,,95800,,풍압,,○,
4,10,4350,,풍압,,96700,,풍압,,,
4,11,4360,,풍압,,97500,,풍압,,,
4,12,4440,,풍압,,100500,,풍압,,○,
4,EX스테이지,80레벨 고정,벌컨R,전격,EX보스전,,,,,,노말 EX
4,13,4460,,풍압,,101300,,풍압,,,
4,14,4470,,풍압,,103500,,풍압,,,
4,15,4680,,풍압,,110200,,풍압,,○,싱크로 디바이스 개방
4,EX스테이지,,,,,190레벨 고정,블랙스미스,수냉,EX보스전,,4-16 클리어 이후 접근 가능 / 하드 EX
4,16,4720,,풍압,,113400,,풍압,,○,
4,17,4740,,풍압,,114900,,풍압,,,
4,18,4910,스카프,작열,보스전,120900,스카프,작열,보스전,○,하드 모드 개방
5,1,5040,,수냉,,132000,,수냉,,○,
5,2,5050,,수냉,,132020,,수냉,,,
5,3,6390,,수냉,,137400,,수냉,,○,로스트 섹터 개방
5,4,6410,,수냉,,137420,,수냉,,○,
5,5,6430,,수냉,,137440,,수냉,,,
5,6,6550,,수냉,,138200,,수냉,,○,
5,7,6620,,수냉,,138220,,수냉,,○,
5,EX스테이지,80레벨 고정,,전격,EX섬멸전,210레벨 고정,테르밋,수냉,EX보스전,,
5,8,6950,,수냉,,138240,,수냉,,,
5,9,6960,,수냉,,138260,,수냉,,,
5,10,6980,,수냉,,139100,,수냉,,○,리사이클 룸 개방
5,11,6990,,수냉,,139120,,수냉,,,
5,12,7010,,수냉,,139140,,수냉,,○,
5,13,7030,,수냉,,139160,,수냉,,,
5,14,7040,,수냉,,139180,,수냉,,,
5,15,7180,,수냉,,144300,,수냉,,○,
5,16,7200,,수냉,,144320,,수냉,,,
5,17,7220,,수냉,,144340,,수냉,,,
5,18,7500,,수냉,,145100,,수냉,,○,
5,19,7560,,수냉,,145120,,수냉,,○,
5,EX스테이지,80레벨 고정,테르밋,수냉,EX보스전,210레벨 고정,벌컨R,전격,EX보스전,,
5,20,7820,랜드이터,전격,보스전,146100,랜드이터,전격,보스전,○,해방 개방
6,1,7980,,수냉,,146120,,수냉,,○,빠른 전투 가능
6,2,8000,,수냉,,146140,,수냉,,,
6,3,8010,,수냉,,146900,,수냉,,,
6,4,8560,,수냉,,146920,,수냉,,○,"솔로레이드, 솔로레이드 뮤지엄, 소장품&애장품 개방"
6,5,8570,,수냉,,146940,,수냉,,,
6,6,8590,,수냉,,148000,,수냉,,○,
6,6A-1,8600,,수냉,저지전,148020,,수냉,저지전,,
6,6A-2,8620,,수냉,저지전,148040,,수냉,저지전,,
6,6B-1,8640,,수냉,거점방어전,148060,,수냉,거점방어전,,
6,6B-2,8650,,수냉,거점방어전,148900,,수냉,거점방어전,,
6,7,8670,,수냉,,148920,,수냉,,,
6,8,8680,,수냉,,148940,,수냉,,,
6,9,8960,,수냉,,149700,,수냉,,○,
6,EX스테이지,80레벨 고정,,전격,EX저지전,225레벨 고정,,전격,EX거점방어전,,
6,9A-1,8970,,수냉,섬멸전,149720,,수냉,섬멸전,,
6,9A-2,8990,,수냉,섬멸전,149740,,수냉,섬멸전,,
6,10,9040,,수냉,,149760,,수냉,,,
6,11,9050,,수냉,,149780,,수냉,,,
6,12,9440,,수냉,,150500,,수냉,,○,
6,13,9450,,수냉,,150520,,수냉,,,
6,14,9470,,수냉,,150540,,수냉,,,
6,15,9840,,수냉,,153200,,수냉,,○,사이드 스토리 개방
6,16,9850,,수냉,,153220,,수냉,,,
6,17,9870,,수냉,,153240,,수냉,,,
6,18,9880,,수냉,,154300,,수냉,,,
6,19,9950,,수냉,,154320,,수냉,,,
6,20,9960,,수냉,,154340,,수냉,,,
6,21,10320,,수냉,,155100,,수냉,,○,
6,EX스테이지,80레벨 고정,빅 토르소,전격,EX보스전,225레벨 고정,빅 토르소,전격,EX보스전,,
6,22,10330,,수냉,,155120,,수냉,,,
6,23,10350,,수냉,,155140,,수냉,,,
6,24,10360,토커티브,작열,보스전,157800,토커티브,작열,보스전,○,스토리 모드 개방
7,1,10560,,철갑,,157820,,철갑,,,
7,2,10570,,철갑,,157840,,철갑,,,
7,3,11090,,철갑,,157860,,철갑,,○,
7,4,11110,,철갑,,157880,,철갑,,,
7,5,11120,,철갑,,157900,,철갑,,,
7,6,11500,,철갑,,158700,,철갑,,,
7,6A-1,11510,,철갑,저지전,158720,,철갑,저지전,,
7,6A-2,11530,,철갑,저지전,158740,,철갑,저지전,,
7,6A-3,11550,,철갑,저지전,158760,,철갑,저지전,,
7,6B-1,11560,,철갑,거점방어전,158780,,철갑,거점방어전,,
7,6B-2,11580,,철갑,거점방어전,158800,,철갑,거점방어전,,
7,6B-3,11590,,철갑,거점방어전,159900,,철갑,거점방어전,,
7,7,11640,,철갑,,159920,,철갑,,,
7,8,11660,,철갑,,159940,,철갑,,,
7,9,11980,,철갑,,160700,,철갑,,○,
7,EX스테이지,100레벨 고정,,수냉,EX거점방어전,235레벨 고정,,수냉,EX저지전,,
7,10,12000,,철갑,,160720,,철갑,,,
7,11,12020,,철갑,,160740,,철갑,,,
7,12,12310,,철갑,,163700,,철갑,,○,
7,13,12320,,철갑,,163720,,철갑,,,기업 타워 개방
7,14,12340,,철갑,,163740,,철갑,,,
7,15,12360,,철갑,,169400,,철갑,,,
7,16,12370,,철갑,,169420,,철갑,,,
7,17,12390,,철갑,,169440,,철갑,,,
7,18,12790,,철갑,,170400,,철갑,,○,
7,18A-1,12810,,철갑,저지전,170420,,철갑,저지전,,
7,18A-2,12830,,철갑,저지전,170440,,철갑,저지전,,
7,18B-1,12840,,철갑,거점방어전,170460,,철갑,거점방어전,,
7,18B-2,12860,,철갑,거점방어전,170480,,철갑,거점방어전,,
7,19,12960,,철갑,,170500,,철갑,,,
7,20,12970,,철갑,,170520,,철갑,,,
7,21,13200,,철갑,,172400,,철갑,,○,
7,EX스테이지,100레벨 고정,빅 암즈,수냉,EX보스전,235레벨 고정,빅 암즈,수냉,EX보스전,,
7,22,13210,,철갑,,173200,,철갑,,,
7,23,13230,,철갑,,176900,,철갑,,,
7,24,13250,모더니아,풍압,보스전,177700,모더니아,풍압,보스전,○,
8,1,13430,,철갑,,177700,,철갑,,○,
8,2,13440,,철갑,,177720,,철갑,,,
8,3,13690,,철갑,,178800,,철갑,,,
8,4,13710,,철갑,,178820,,철갑,,,
8,5,13720,,철갑,,178840,,철갑,,,
8,6,14100,,철갑,,181500,,철갑,,○,
8,7,14120,,철갑,,181520,,철갑,,,
8,8,14130,,철갑,,181540,,철갑,,,
8,9,14150,,철갑,,182400,,철갑,,○,
8,EX스테이지,100레벨 고정,,작열,EX저지전,245레벨 고정,,철갑,EX섬멸전,,
8,10,14210,,철갑,,182420,,철갑,,,
8,11,14230,,철갑,,182440,,철갑,,,
8,12,14430,,철갑,,185900,,철갑,,○,
8,13,14440,,철갑,,185920,,철갑,,,
8,14,14460,,철갑,,185940,,철갑,,,
8,15,14480,,철갑,,186700,,철갑,,,
8,16,14490,,철갑,,186720,,철갑,,,
8,17,14510,,철갑,,186740,,철갑,,,
8,18,15000,,철갑,,187800,,철갑,,○,
8,19,15050,,철갑,,187820,,철갑,,,
8,20,15070,,철갑,,187840,,철갑,,,
8,21,15080,,철갑,,188600,,철갑,,○,
8,EX스테이지,100레벨 고정,포터,철갑,EX보스전,245레벨 고정,포터,철갑,EX보스전,,
8,22,15100,,철갑,,188620,,철갑,,,
8,23,15120,,철갑,,188640,,철갑,,,
8,24,16560,,철갑,,189900,,철갑,,,
8,25,16580,,철갑,,189920,,철갑,,,
8,26,16590,,철갑,,189940,,철갑,,,
8,27,16610,타이피스,작열,보스전,192700,타이피스,작열,보스전,○,
9,1,16880,,전격,,192720,,전격,,○,
9,2,16890,,전격,,192740,,전격,,,
9,3,17260,,전격,,199100,,전격,,,
9,4,17280,,전격,,199120,,전격,,,
9,5,17290,,전격,,199140,,전격,,,
9,6,17840,,전격,,199900,,전격,,○,
9,EX스테이지,100레벨 고정,그레이브 디거,풍압,EX보스전,255레벨 고정,,수냉,EX거점방어전,,
9,7,17860,,전격,,199920,,전격,,,
9,8,17870,,전격,,199940,,전격,,,
9,9,17890,,전격,,200900,,전격,,,
9,10,17910,,전격,,200920,,전격,,,
9,11,17920,,전격,,200940,,전격,,,
9,12,18500,,전격,,201700,,전격,,○,
9,13,18550,,전격,,201720,,전격,,,
9,14,18570,,전격,,201740,,전격,,,
9,15,18590,,전격,,208700,,전격,,○,일반개체 요격전 LEVEL S 개방
9,16,18650,,전격,,208720,,전격,,,
9,17,18670,,전격,,208740,,전격,,,
9,18,19420,,전격,,209800,,전격,,,
9,19,19430,,전격,,209820,,전격,,,
9,20,19450,,전격,,209840,,전격,,,
9,21,19470,,전격,,210800,,전격,,○,
9,EX스테이지,100레벨 고정,엔젤 링,수냉,EX보스전,255레벨 고정,엔젤 링,수냉,EX보스전,,
9,22,19480,,전격,,210820,,전격,,,
9,23,19500,,전격,,210840,,전격,,,
9,24,20000,,전격,,212800,,전격,,,
9,25,20010,,전격,,212820,,전격,,,
9,26,20030,,전격,,212840,,전격,,,
9,27,20050,닥터,철갑,보스전,222300,닥터,철갑,보스전,○,
10,1,20360,,전격,,222320,,전격,,○,
10,2,21330,,전격,,223400,,전격,,,
10,3,21350,,전격,,223420,,전격,,,
10,4,21360,,전격,,224400,,전격,,○,
10,EX스테이지,100레벨 고정,,작열,EX섬멸전,270레벨 고정,,수냉,EX섬멸전,,
10,5,21380,,전격,,224420,,전격,,,
10,6,21400,,전격,,224440,,전격,,,
10,7,21580,,전격,,225400,,전격,,,
10,8,21600,,전격,,225420,,전격,,,
10,9,21620,,전격,,225440,,전격,,,
10,10,21630,,전격,,227700,,전격,,○,
10,11,21680,,전격,,227720,,전격,,,
10,12,21700,,전격,,227740,,전격,,,
10,13,22000,,전격,,228700,,전격,,,
10,14,22020,,전격,,228720,,전격,,,
10,15,22040,,전격,,228740,,전격,,,
10,16,22050,,전격,,230900,,전격,,○,
10,16A,22070,,전격,섬멸전,,,,,,노말 스테이지
10,16B,22090,,전격,섬멸전,,,,,,노말 스테이지
10,16A-1,,,,,230920,,전격,섬멸전,,하드 스테이지
10,16A-2,,,,,230940,,전격,섬멸전,,하드 스테이지
10,17,22100,,전격,,230960,,전격,,,
10,18,22120,,전격,,230980,,전격,,,
10,19,22590,,전격,,234100,,전격,,○,
10,EX스테이지,100레벨 고정,오벨리스크,작열,EX보스전,270레벨 고정,오벨리스크,작열,EX보스전,,
10,20,22660,,전격,,234120,,전격,,,
10,21,22680,,전격,,234140,,전격,,,
10,22,23430,,전격,,240600,,전격,,,
10,23,23450,,전격,,240620,,전격,,,
10,24,23460,,전격,,240640,,전격,,,
10,25,23480,두리안,전격,보스전,252600,두리안,전격,보스전,○,
11,1,23830,,작열,,252620,,작열,,○,
11,2,23850,,작열,,252640,,작열,,,
11,3,26090,,작열,,253600,,작열,,,
11,4,26110,,작열,,253620,,작열,,,
11,5,26120,,작열,,253640,,작열,,,
11,6,26140,,작열,,254600,,작열,,○,
11,7,26160,,작열,,254620,,작열,,,
11,8,26180,,작열,,254640,,작열,,,
11,9,27030,,작열,,260100,,작열,,○,
11,10,27040,,작열,,260120,,작열,,,
11,11,27060,,작열,,260140,,작열,,,
11,12,27080,,작열,,270900,,작열,,,
11,EX스테이지,110레벨 고정,빅마우스,철갑,EX보스전,285레벨 고정,듀얼 링,철갑,EX보스전,,11-15 클리어 이후 접근 가능
11,13,27180,,작열,,270920,,작열,,,스페셜 아레나 개방
11,14,27200,,작열,,270940,,작열,,,
11,15,27960,,작열,,272900,,작열,,○,
11,16,27980,,작열,,272920,,작열,,,
11,17,27990,,작열,,272940,,작열,,,
11,18,28010,,작열,,275200,,작열,,,
11,19,28030,,작열,,275220,,작열,,,
11,20,28050,,작열,,275240,,작열,,,
11,21,28640,,작열,,277200,,작열,,○,
11,EX스테이지,110레벨 고정,듀얼 링,철갑,EX보스전,285레벨 고정,빅마우스,철갑,EX보스전,,
11,22,28660,,작열,,277220,,작열,,,
11,23,28670,,작열,,277240,,작열,,,
11,24,28690,,작열,,284800,,작열,,,
11,25,28710,,작열,,284820,,작열,,,
11,26,28730,,작열,,284840,,작열,,,
11,27,28740,하베스터,수냉,보스전,285800,하베스터,수냉,보스전,○,
12,1,29100,,작열,,285820,,작열,,○,
12,2,29110,,작열,,285840,,작열,,,
12,3,29560,,작열,,287800,,작열,,,
12,4,29580,,작열,,287820,,작열,,,
12,5,29600,,작열,,287840,,작열,,,
12,6,30040,,작열,,290000,,작열,,○,
12,7,30300,,작열,,290020,,작열,,,
12,8,30320,,작열,,290040,,작열,,,
12,9,30770,,작열,,301200,,작열,,,
12,10,30780,,작열,,301220,,작열,,,
12,11,30800,,작열,,301240,,작열,,,
12,12,31250,,작열,,303700,,작열,,○,
12,13,31260,,작열,,303720,,작열,,,
12,14,31280,,작열,,303740,,작열,,,
12,15,31730,,작열,,311700,,작열,,○,
12,15A-1,31800,,작열,저지전,311720,,작열,저지전,,
12,15A-2,31820,,작열,저지전,311740,,작열,저지전,,
12,15B-1,31830,,작열,거점방어전,311760,,작열,거점방어전,,
12,15B-2,31850,,작열,거점방어전,311780,,작열,거점방어전,,
12,16,31870,,작열,,311800,,작열,,,
12,17,31880,,작열,,311820,,작열,,,
12,18,32330,,작열,,314000,,작열,,○,
12,EX스테이지,120레벨 고정,,수냉,EX거점방어전,300레벨 고정,,수냉,EX저지전,,
12,19,32350,,작열,,314020,,작열,,,
12,20,32370,,작열,,314040,,작열,,,
12,21,32810,,작열,,316500,,작열,,○,
12,EX스테이지,120레벨 고정,쿠쿰버,수냉,EX보스전,300레벨 고정,쿠쿰버,수냉,EX보스전,,
12,22,32830,,작열,,316520,,작열,,,
12,23,32850,,작열,,316540,,작열,,,
12,24,33540,마테리얼H,철갑,보스전,317700,마테리얼H,철갑,보스전,○,
13,1,33940,,풍압,,317720,,풍압,,○,
13,2,33960,,풍압,,317740,,풍압,,,
13,3,34440,,풍압,,317760,,풍압,,,
13,3A-1,34460,,풍압,거점방어전,317780,,풍압,거점방어전,,
13,3B-1,34470,,풍압,저지전,317800,,풍압,저지전,,
13,4,34490,,풍압,,317820,,풍압,,,
13,5,34510,,풍압,,317840,,풍압,,,
13,6,34990,,풍압,,320000,,풍압,,○,
13,7,35000,,풍압,,320020,,풍압,,,
13,8,35020,,풍압,,320040,,풍압,,,
13,9,35500,,풍압,,332000,,풍압,,○,
13,10,35520,,풍압,,332020,,풍압,,,
13,11,35530,,풍압,,332040,,풍압,,,
13,12,36010,,풍압,,336900,,풍압,,○,
13,13,36030,,풍압,,336920,,풍압,,,
13,14,36050,,풍압,,336940,,풍압,,,
13,15,36530,알트아이젠,수냉,보스전,339400,알트아이젠,수냉,보스전,○,
13,16,36580,,풍압,,339420,,풍압,,,
13,17,36600,,풍압,,339440,,풍압,,,
13,18,37070,토커티브,작열,보스전,352200,토커티브,작열,보스전,○,
13,EX스테이지,130레벨 고정,스푸키,풍압,EX보스전,315레벨 고정,하베스터,수냉,EX보스전,,
13,18A-1,37090,,풍압,저지전,352220,,풍압,저지전,,
13,18A-2,37110,,풍압,저지전,352240,,풍압,저지전,,
13,18B-1,37130,,풍압,거점방어전,352260,,풍압,거점방어전,,
13,19,37140,,풍압,,352280,,풍압,,,
13,20,37160,,풍압,,352300,,풍압,,,
13,21,37640,,풍압,,354600,,풍압,,○,
13,22,37710,,풍압,,354620,,풍압,,,
13,EX스테이지,130레벨 고정,케투스,작열,EX보스전,315레벨 고정,스푸키,풍압,EX보스전,,
13,23,37730,,풍압,,354640,,풍압,,,
13,24,38280,모더니아,풍압,보스전,358200,모더니아,풍압,보스전,○,
14,1,38760,,풍압,,358220,,풍압,,○,
14,2,38800,,풍압,,358240,,풍압,,,
14,3,39290,,풍압,,365600,,풍압,,,
14,4,39330,,풍압,,366800,,풍압,,,
14,5,39380,,풍압,,366820,,풍압,,,
14,6,39420,,풍압,,366840,,풍압,,,
14,6A-1,39460,,풍압,저지전,366860,,풍압,저지전,,
14,6B-1,39510,,풍압,거점방어전,366880,,풍압,거점방어전,,
14,7,39600,,풍압,,366900,,풍압,,,
14,8,39680,,풍압,,366920,,풍압,,,
14,9,40170,,풍압,,369100,,풍압,,○,
14,10,40260,,풍압,,369120,,풍압,,,
14,11,40340,,풍압,,369140,,풍압,,,
14,12,40830,,풍압,,371600,,풍압,,○,
14,12A-1,40950,,풍압,거점방어전,371620,,풍압,거점방어전,,
14,12A-2,41040,,풍압,거점방어전,371640,,풍압,거점방어전,,
14,12B-1,41130,,풍압,저지전,371660,,풍압,저지전,,
14,13,41210,,풍압,,371680,,풍압,,,
14,14,41300,,풍압,,371700,,풍압,,,
14,15,41790,,풍압,,377000,,풍압,,○,
14,16,41870,,풍압,,377020,,풍압,,,
14,17,41960,,풍압,,377040,,풍압,,,
14,18,42450,,풍압,,377060,,풍압,,○,
14,19,42530,,풍압,,377080,,풍압,,,
14,20,42620,,풍압,,377100,,풍압,,,
14,21,43110,,풍압,,379300,,풍압,,,
14,EX스테이지,140레벨 고정,,풍압,EX섬멸전,330레벨 고정,,작열,EX저지전,,
14,22,43250,,풍압,,379320,,풍압,,,
14,23,43340,,풍압,,379340,,풍압,,,
14,24,43860,,풍압,,381800,,풍압,,○,
14,25,43950,,풍압,,381820,,풍압,,,
14,26,44040,,풍압,,381840,,풍압,,,
14,27,44570,,풍압,,390400,,풍압,,,
14,EX스테이지,140레벨 고정,툼스톤,풍압,EX보스전,330레벨 고정,케투스,작열,EX보스전,,
14,28,44660,,풍압,,390420,,풍압,,,
14,29,44740,,풍압,,390440,,풍압,,,
14,30,45400,선바스,전격,보스전,403700,선바스,전격,보스전,○,
15,1,46050,,수냉,,403720,,수냉,,○,
15,2,46190,,수냉,,403740,,수냉,,,
15,3,46720,,수냉,,403760,,수냉,,,
15,4,46850,,수냉,,403780,,수냉,,○,
15,5,46990,,수냉,,403800,,수냉,,,
15,6,47520,,수냉,,406300,,수냉,,,
15,7,47650,,수냉,,406320,,수냉,,,
15,8,47790,,수냉,,406340,,수냉,,,
15,9,47920,,수냉,,406360,,수냉,,○,
15,EX스테이지,160레벨 고정,스카프,작열,EX보스전,345레벨 고정,스카프,작열,EX보스전,,
15,10,48110,,수냉,,406380,,수냉,,,
15,11,48240,,수냉,,406400,,수냉,,,
15,12,48780,,수냉,,409100,,수냉,,,
15,12A-1,48910,,수냉,저지전,409120,,수냉,저지전,,
15,12A-2,49040,,수냉,저지전,409140,,수냉,저지전,,
15,12B-1,49180,,수냉,거점방어전,409160,,수냉,거점방어전,,
15,13,49310,,수냉,,409180,,수냉,,,
15,14,49440,,수냉,,409200,,수냉,,,
15,15,49980,,수냉,,411700,,수냉,,○,
15,16,50150,,수냉,,411720,,수냉,,,
15,17,50280,,수냉,,411740,,수냉,,,
15,18,50810,,수냉,,414300,,수냉,,,
15,18A-1,50950,,수냉,거점방어전,414320,,수냉,거점방어전,,
15,19,51130,,수냉,,414340,,수냉,,,
15,20,51300,,수냉,,414360,,수냉,,,
15,21,51930,,수냉,,416900,,수냉,,,
15,21A-1,52100,,수냉,저지전,416920,,수냉,저지전,,
15,21B-1,52280,,수냉,거점방어전,416940,,수냉,거점방어전,,
15,21B-2,52460,,수냉,거점방어전,416960,,수냉,거점방어전,,
15,22,52640,,수냉,,416980,,수냉,,,
15,23,52820,,수냉,,417000,,수냉,,,
15,24,53440,,수냉,,424600,,수냉,,○,
15,EX스테이지,160레벨 고정,타이피스,작열,EX보스전,345레벨 고정,타이피스,작열,EX보스전,,
15,25,53620,,수냉,,424620,,수냉,,,
15,26,53800,,수냉,,424640,,수냉,,,
15,27,54420,,수냉,,427200,,수냉,,○,
15,28,54600,,수냉,,427220,,수냉,,,
15,29,54770,,수냉,,427240,,수냉,,,
15,30,55440,레이턴스,풍압,보스전,433300,레이턴스,풍압,보스전,○,
16,1,56200,,수냉,,433320,,수냉,,○,
16,2,56340,,수냉,,433340,,수냉,,○,
16,3,56880,,수냉,,433360,,수냉,,○,
16,4,57010,,수냉,,433380,,수냉,,,
16,5,57150,,수냉,,433400,,수냉,,,
16,6,57280,,수냉,,433420,,수냉,,,
16,7,57820,,수냉,,435900,,수냉,,○,
16,8,58010,,수냉,,435920,,수냉,,,
16,8A-1,58230,,수냉,저지전,435940,,수냉,저지전,,
16,8B-1,58460,,수냉,거점방어전,435960,,수냉,거점방어전,,
16,8B-2,58680,,수냉,거점방어전,435980,,수냉,거점방어전,,
16,9,58910,,수냉,,436000,,수냉,,,
16,10,59130,,수냉,,436020,,수냉,,,
16,11,59670,,수냉,,438700,,수냉,,○,
16,EX스테이지,170레벨 고정,랜드이터,전격,EX보스전,360레벨 고정,,수냉,EX섬멸전,,
16,12,59900,,수냉,,438720,,수냉,,○,
16,13,60120,,수냉,,438740,,수냉,,,
16,14,60750,,수냉,,455200,,수냉,,○,
16,15,60980,,수냉,,455220,,수냉,,,
16,16,61200,,수냉,,455240,,수냉,,,
16,17,61830,,수냉,,457900,,수냉,,○,
16,EX스테이지,170레벨 고정,닥터,철갑,EX보스전,360레벨 고정,닥터,철갑,EX보스전,,
16,17A-1,62110,,수냉,거점방어전,457920,,수냉,거점방어전,,
16,17B-1,62340,,수냉,저지전,457940,,수냉,저지전,,
16,18,62560,,수냉,,457960,,수냉,,,
16,19,63190,,수냉,,466700,,수냉,,○,
16,20,63420,,수냉,,466720,,수냉,,○,
16,21,63640,,수냉,,466740,,수냉,,,
16,22,64270,,수냉,,468000,,수냉,,○,
16,23,64500,,수냉,,468020,,수냉,,,
16,24,64720,,수냉,,468040,,수냉,,,
16,25,65350,,수냉,,470800,,수냉,,○,
16,26,65580,,수냉,,470820,,수냉,,,
16,27,65800,,수냉,,470840,,수냉,,,
16,28,66600,케투스,작열,보스전,473400,케투스,작열,보스전,○,특수 개체 요격전 개방
17,1,66740,,철갑,,473420,,철갑,,○,
17,2,66880,,철갑,,473440,,철갑,,,
17,3,67080,,철갑,,473460,,철갑,,,
17,4,67230,,철갑,,473480,,철갑,,,
17,5,67370,,철갑,,473500,,철갑,,,
17,6,67570,,철갑,,476000,,철갑,,○,
17,7,67720,,철갑,,476020,,철갑,,○,
17,8,67860,,철갑,,476040,,철갑,,,
17,9,68060,,철갑,,476060,,철갑,,,
17,10,68200,,철갑,,476080,,철갑,,,
17,11,68350,,철갑,,476100,,철갑,,,
17,12,68650,,철갑,,478600,,철갑,,○,
17,13,68880,,철갑,,478620,,철갑,,○,
17,14,69030,,철갑,,478640,,철갑,,,
17,15,69330,,철갑,,478660,,철갑,,,
17,15A-1,69470,,철갑,저지전,478680,,철갑,저지전,,
17,15B-1,69610,,철갑,거점방어전,478700,,철갑,거점방어전,,
17,15B-2,69760,,철갑,거점방어전,478720,,철갑,거점방어전,,
17,16,69980,,철갑,,478740,,철갑,,,
17,17,70210,,철갑,,478760,,철갑,,,
17,18,70510,,철갑,,479900,,철갑,,○,
17,EX스테이지,190레벨 고정,선바스,전격,EX보스전,360레벨 고정,두리안,전격,EX보스전,,
17,19,70810,,철갑,,487700,,철갑,,○,
17,20,71030,,철갑,,487720,,철갑,,,
17,21,71260,,철갑,,487740,,철갑,,,
17,21A-1,71480,,철갑,저지전,487760,,철갑,저지전,,
17,21A-2,71710,,철갑,저지전,487780,,철갑,저지전,,
17,22,71930,,철갑,,487800,,철갑,,,
17,23,72160,,철갑,,487820,,철갑,,,
17,24,72460,,철갑,,490300,,철갑,,○,
17,25,72680,,철갑,,490320,,철갑,,,
17,26,72910,,철갑,,490340,,철갑,,,
17,27,73210,,철갑,,508800,,철갑,,○,
17,28,73430,,철갑,,508820,,철갑,,○,
17,29,73660,,철갑,,508840,,철갑,,,
17,30,73960,,철갑,,511700,,철갑,,○,
17,EX스테이지,190레벨 고정,두리안,전격,EX보스전,360레벨 고정,선바스,전격,EX보스전,,
17,31,74180,,철갑,,511720,,철갑,,,
17,32,74410,,철갑,,511740,,철갑,,,
17,33,74810,시니스터,작열,보스전,516000,시니스터,작열,보스전,○,
18,1,75060,,철갑,,516000,,철갑,,○,
18,2,75220,,철갑,,516020,,철갑,,,
18,3,75940,,철갑,,516040,,철갑,,○,
18,4,76100,,철갑,,516060,,철갑,,,
18,5,76260,,철갑,,516080,,철갑,,,
18,6,76980,,철갑,,519100,,철갑,,○,
18,7,77140,,철갑,,519120,,철갑,,,
18,8,77310,,철갑,,519140,,철갑,,,
18,9,78030,,철갑,,519160,,철갑,,○,
18,10,78190,,철갑,,519180,,철갑,,,
18,11,78350,,철갑,,519200,,철갑,,,
18,12,79070,,철갑,,522000,,철갑,,○,
18,EX스테이지,200레벨 고정,,풍압,EX거점방어전,380레벨 고정,레이턴스,풍압,EX보스전,,
18,13,79230,,철갑,,522020,,철갑,,,
18,14,79390,,철갑,,522040,,철갑,,,
18,15,80110,,철갑,,522060,,철갑,,○,
18,15A-1,80280,,철갑,거점방어전,522080,,철갑,거점방어전,,
18,15A-2,80440,,철갑,거점방어전,522100,,철갑,거점방어전,,
18,16,80600,,철갑,,522120,,철갑,,,
18,17,80760,,철갑,,522140,,철갑,,,
18,18,81480,,철갑,,524900,,철갑,,○,
18,18A-1,82680,,철갑,저지전,524920,,철갑,저지전,,
18,18A-2,82900,,철갑,저지전,524940,,철갑,저지전,,
18,19,83130,,철갑,,524960,,철갑,,,
18,20,83350,,철갑,,524980,,철갑,,,
18,21,84070,,철갑,,527800,,철갑,,○,
18,22,84300,,철갑,,527820,,철갑,,,
18,23,84520,,철갑,,527840,,철갑,,,
18,24,85240,,철갑,,530700,,철갑,,○,
18,25,85520,,철갑,,530720,,철갑,,,
18,26,85750,,철갑,,530740,,철갑,,,
18,27,86470,,철갑,,530760,,철갑,,,
18,EX스테이지,200레벨 고정,레이턴스,풍압,EX보스전,380레벨 고정,마테리얼H,철갑,EX보스전,,
18,28,86690,,철갑,,530780,,철갑,,,
18,29,86920,,철갑,,530800,,철갑,,,
18,30,87640,,철갑,,533800,,철갑,,○,
18,30A-1,87860,,철갑,거점방어전,533820,,철갑,거점방어전,,
18,30A-2,88090,,철갑,거점방어전,533840,,철갑,거점방어전,,
18,30B-1,88310,,철갑,저지전,533860,,철갑,저지전,,
18,31,89030,,철갑,,533880,,철갑,,○,
18,32,89260,,철갑,,533900,,철갑,,,
18,33,93150,스톰 브링어,철갑,보스전,556100,스톰 브링어,철갑,보스전,○,"퀵 시뮬레이션, 헥사 코드, 지상 개방"
19,1,93390,,작열,,559000,,작열,,,
19,2,93630,,작열,,559020,,작열,,,
19,3,94670,,작열,,561900,,작열,,○,
19,4,94910,,작열,,561920,,작열,,,
19,5,95150,,작열,,561940,,작열,,,
19,6,96190,,수냉,,564800,,수냉,,,수냉 속성
19,6A-1,96430,,작열,저지전,564820,,작열,저지전,,
19,6A-2,96670,,작열,섬멸전,564840,,작열,섬멸전,,
19,6B-1,96920,,작열,섬멸전,564860,,작열,섬멸전,,
19,6B-2,97160,,작열,거점방어전,564880,,작열,거점방어전,,
19,7,97400,,작열,,564900,,작열,,,
19,8,97650,,작열,,564920,,작열,,,
19,9,98680,,작열,,567700,,작열,,○,
19,10,98960,,작열,,567720,,작열,,,
19,11,99200,,작열,,567740,,작열,,,
19,12,100240,,작열,,570800,,작열,,○,
19,12A-1,100480,,작열,섬멸전,570820,,작열,섬멸전,,
19,12A-2,100720,,작열,거점방어전,570840,,작열,거점방어전,,
19,13,100970,,작열,,570860,,작열,,,
19,14,101210,,작열,,570880,,작열,,,
19,15,102240,,작열,,573700,,작열,,○,
19,15A-1,102490,,작열,저지전,573720,,작열,저지전,,
19,15A-2,102730,,작열,섬멸전,573740,,작열,섬멸전,,
19,15B-1,102970,,작열,섬멸전,573760,,작열,섬멸전,,
19,15B-2,103220,,작열,거점방어전,573780,,작열,거점방어전,,
19,16,103460,,작열,,573800,,작열,,,
19,17,103700,,작열,,573820,,작열,,,
19,18,104740,,작열,,576600,,작열,,○,
19,EX스테이지,200레벨 고정,시니스터,작열,EX보스전,400레벨 고정,시니스터,작열,EX보스전,,
19,19,104980,,작열,,576620,,작열,,,
19,20,105220,,작열,,576640,,작열,,,
19,21,106260,,작열,,579500,,작열,,○,
19,22,106500,,작열,,579520,,작열,,,
19,23,106740,,작열,,579540,,작열,,,
19,24,107780,,작열,,582400,,작열,,,
19,25,108020,,작열,,582420,,작열,,,
19,26,108270,,작열,,582440,,작열,,,
19,27,109300,,작열,,612900,,작열,,○,
19,EX스테이지,200레벨 고정,마테리얼H,철갑,EX보스전,400레벨 고정,마테리얼H,철갑,EX보스전,,
19,27A-1,109540,,작열,저지전,612920,,작열,저지전,,
19,27A-2,109790,,작열,섬멸전,612940,,작열,섬멸전,,
19,28,110160,,작열,,616300,,작열,,,
19,29,110470,,작열,,616320,,작열,,,
19,30,111600,플레이트,수냉,보스전,616340,플레이트,수냉,보스전,○,
20,1,111830,,작열,,622700,,작열,,○,
20,2,112060,,작열,,622720,,작열,,,
20,3,113050,,작열,,624300,,작열,,,
20,4,113290,,작열,,624320,,작열,,,
20,5,113520,,작열,,624340,,작열,,,
20,6,114510,,작열,,625900,,작열,,○,
20,6A-1,114750,,작열,저지전,625920,,작열,저지전,,
20,6A-2,114980,,작열,저지전,625940,,작열,저지전,,
20,6B-1,115210,,작열,거점방어전,625960,,작열,거점방어전,,
20,6B-2,115450,,작열,거점방어전,625980,,작열,거점방어전,,
20,7,115740,,작열,,627500,,작열,,,
20,8,115970,,작열,,627520,,작열,,,
20,9,116960,,작열,,629200,,작열,,○,
20,9A-1,117190,,작열,거점방어전,629220,,작열,거점방어전,,
20,9B-1,117430,,작열,저지전,629240,,작열,저지전,,
20,10,117660,,작열,,629260,,작열,,,
20,11,117900,,작열,,629280,,작열,,,
20,12,118890,,작열,,629300,,작열,,○,
20,13,119120,,작열,,629320,,작열,,,
20,14,119350,,작열,,629340,,작열,,,
20,15,120340,,작열,,632400,,작열,,○,
20,EX스테이지,200레벨 고정,,수냉,EX섬멸전,420레벨 고정,,수냉,EX섬멸전,,15B-2 클리어 이후 접근 가능
20,15A-1,120580,,작열,저지전,632420,,작열,저지전,,
20,15A-2,120810,,작열,저지전,632440,,작열,저지전,,
20,15B-1,121050,,작열,거점방어전,632460,,작열,거점방어전,,
20,15B-2,121280,,작열,거점방어전,632480,,작열,거점방어전,,
20,16,121570,,작열,,632500,,작열,,,
20,17,121800,,작열,,632520,,작열,,,
20,18,122790,,작열,,634000,,작열,,○,
20,19,123030,,작열,,634020,,작열,,,
20,20,123260,,작열,,634040,,작열,,,
20,21,124250,,작열,,634060,,작열,,○,
20,22,125240,,작열,,639000,,작열,,,
20,23,125470,,작열,,639020,,작열,,,
20,24,125710,,작열,,639040,,작열,,,
20,25,126700,,작열,,639060,,작열,,○,
20,EX스테이지,200레벨 고정,하베스터,수냉,EX보스전,420레벨 고정,스톰 브링어,철갑,EX보스전,,
20,26,126990,,작열,,639080,,작열,,,
20,27,127220,,작열,,639100,,작열,,,
20,28,128210,,작열,,640600,,작열,,○,
20,29,128440,,작열,,640620,,작열,,,
20,30,128680,,작열,,640640,,작열,,,
20,31,129870,니힐리스타,수냉,보스전,643900,니힐리스타,수냉,보스전,○,"탐색, 퀵 시뮬레이션 즉시 완료 개방"
21,1,129880,,전격,,643920,,전격,,○,
21,2,130120,,전격,,644370,,전격,,,
21,3,130350,,전격,,644820,,전격,,,
21,4,130590,,전격,,645270,,전격,,,
21,5,130820,,전격,,645720,,전격,,,
21,6,131090,,전격,,647520,,전격,,○,
21,6A-1,131320,,전격,거점방어전,647970,,전격,거점방어전,,
21,6A-2,131560,,전격,거점방어전,648420,,전격,거점방어전,,
21,6B-1,131790,,전격,저지전,648870,,전격,저지전,,
21,6B-2,132060,,전격,저지전,649320,,전격,저지전,,
21,7,133000,,전격,,649770,,전격,,,
21,8,133230,,전격,,650220,,전격,,,
21,9,133590,,전격,,652020,,전격,,○,
21,9A-1,133830,,전격,거점방어전,652470,,전격,거점방어전,,
21,9A-2,134060,,전격,거점방어전,652920,,전격,거점방어전,,
21,10,134290,,전격,,653370,,전격,,,
21,11,134530,,전격,,653820,,전격,,,
21,12,134760,,전격,,655820,,전격,,○,
21,13,135000,,전격,,656270,,전격,,,
21,14,135230,,전격,,656720,,전격,,,
21,15,135590,,전격,,658720,,전격,,○,
21,15A-1,135820,,전격,저지전,659170,,전격,저지전,,
21,15A-2,136060,,전격,저지전,659620,,전격,저지전,,
21,15B-1,136290,,전격,거점방어전,660070,,전격,거점방어전,,
21,15B-2,136530,,전격,거점방어전,660520,,전격,거점방어전,,
21,16,137460,,전격,,660970,,전격,,,
21,17,137700,,전격,,661420,,전격,,,
21,18,138150,,전격,,663620,,전격,,○,
21,EX스테이지,220레벨 고정,리빌드 스푸키,수냉,EX보스전,420레벨 고정,리빌드 스푸키,수냉,EX보스전,,
21,19,138380,,전격,,664070,,전격,,,
21,20,138610,,전격,,664520,,전격,,,
21,21,139060,,전격,,666920,,전격,,,
21,22,139300,,전격,,667370,,전격,,,
21,23,139530,,전격,,667820,,전격,,,
21,24,140070,,전격,,670420,,전격,,○,
21,EX스테이지,220레벨 고정,리빌드 포터,철갑,EX보스전,420레벨 고정,리빌드 포터,철갑,EX보스전,,
21,25,140310,,전격,,670870,,전격,,,
21,26,140540,,전격,,671320,,전격,,,
21,27,141080,,전격,,674120,,전격,,○,
21,28,141780,,전격,,674570,,전격,,,
21,29,142320,,전격,,677370,,전격,,○,
21,30,142560,,전격,,677820,,전격,,,
21,31,142790,,전격,,678270,,전격,,,
21,32,143910,마더웨일,전격,보스전,683070,마더웨일,전격,보스전,○,교환 상점 개방
22,1,143910,,수냉,,683120,,수냉,,○,
22,2,144140,,수냉,,683640,,수냉,,,
22,3,144370,,수냉,,685140,,수냉,,○,
22,4,144610,,수냉,,685660,,수냉,,,
22,5,144840,,수냉,,686180,,수냉,,,
22,6,145290,,수냉,,687680,,수냉,,○,
22,6A-1,145530,,수냉,저지전,688200,,수냉,저지전,,
22,6A-2,145760,,수냉,저지전,688720,,수냉,저지전,,
22,6B-1,145990,,수냉,거점방어전,689240,,수냉,거점방어전,,
22,7,146930,,수냉,,689760,,수냉,,,
22,8,147160,,수냉,,690280,,수냉,,,
22,9,147790,,수냉,,691980,,수냉,,○,
22,10,148030,,수냉,,692500,,수냉,,,
22,11,148260,,수냉,,693020,,수냉,,,
22,12,149070,,수냉,,694720,,수냉,,○,
22,EX스테이지,250레벨 고정,,수냉,EX섬멸전,400레벨 고정,,수냉,EX섬멸전,,
22,13,149310,,수냉,,695240,,수냉,,,
22,14,149540,,수냉,,695760,,수냉,,,
22,15,150440,,수냉,,697660,,수냉,,○,
22,16,150670,,수냉,,698180,,수냉,,,
22,17,150910,,수냉,,698700,,수냉,,,
22,18,151990,,수냉,,700600,,수냉,,○,
22,19,152220,,수냉,,701120,,수냉,,,
22,20,152460,,수냉,,701640,,수냉,,,
22,21,153630,,수냉,,703740,,수냉,,○,
22,22,153860,,수냉,,704260,,수냉,,,
22,23,154090,,수냉,,704780,,수냉,,,
22,24,155350,,수냉,,706880,,수냉,,○,
22,25,155590,,수냉,,707400,,수냉,,,
22,26,155820,,수냉,,707920,,수냉,,,
22,27,157170,,수냉,,710220,,수냉,,○,
22,EX스테이지,230레벨 고정,헤비메탈,풍압+수냉,EX보스전,430레벨 고정,헤비메탈,풍압+수냉,EX보스전,,이중 약점 스테이지
22,28,158110,,수냉,,710740,,수냉,,,
22,29,158340,,수냉,,711260,,수냉,,,
22,30,159780,,수냉,,713760,,수냉,,○,
22,31,160020,,수냉,,714280,,수냉,,,
22,32,160250,,수냉,,714800,,수냉,,,
22,33,161780,,수냉,,717500,,수냉,,○,
22,33A-1,162010,,수냉,저지전,718020,,수냉,저지전,,
22,33A-2,162250,,수냉,저지전,718540,,수냉,저지전,,
22,33B-1,162480,,수냉,거점방어전,719060,,수냉,거점방어전,,
22,33B-2,162720,,수냉,거점방어전,721760,,수냉,거점방어전,,
22,34,162950,,수냉,,722280,,수냉,,,
22,35,163180,,수냉,,722800,,수냉,,,
22,36,166780,니힐리스타,수냉,보스전,742800,니힐리스타,수냉,보스전,○,이상 개체 요격전 개방
23,1,167310,,전격,,742800,,전격,,,
23,2,167540,,전격,,743350,,전격,,,
23,3,168440,,전격,,744850,,전격,,○,
23,4,168670,,전격,,745400,,전격,,,
23,5,168910,,전격,,746050,,전격,,,
23,6,169810,,전격,,748050,,전격,,○,
23,7,170040,,전격,,748700,,전격,,,
23,8,170280,,전격,거점방어전,749350,,전격,거점방어전,,
23,9,170510,,전격,,750000,,전격,,,
23,10,170740,,전격,,750650,,전격,,,
23,11,171640,,전격,,752650,,전격,,○,
23,11A-1,172350,,전격,섬멸전,753300,,전격,섬멸전,,
23,11A-2,172580,,전격,섬멸전,753950,,전격,섬멸전,,
23,11B-1,172810,,전격,섬멸전,754600,,전격,섬멸전,,
23,11B-2,173050,,전격,섬멸전,755250,,전격,섬멸전,,
23,12,173280,,전격,,755900,,전격,,,
23,13,173520,,전격,,756550,,전격,,,
23,14,174510,,전격,,759050,,전격,,○,
23,EX스테이지,260레벨 고정,리빌드 빅 암즈,수냉,EX보스전,430레벨 고정,,전격,EX저지전,,
23,15,174740,,전격,,759700,,전격,,,
23,16,175730,,전격,,762200,,전격,,○,
23,17,175960,,전격,,762850,,전격,,,
23,18,176200,,전격,저지전,763500,,전격,저지전,,
23,19,177100,,전격,,766000,,전격,,○,
23,20,177330,,전격,,766650,,전격,,,
23,21,178410,,전격,,769650,,전격,,○,하드 방지턱
23,21A-1,178650,,전격,거점방어전,770300,,전격,거점방어전,,
23,21A-2,178880,,전격,거점방어전,772300,,전격,거점방어전,,
23,21B-1,179110,,전격,저지전,772950,,전격,저지전,,
23,21B-2,179350,,전격,저지전,774950,,전격,저지전,,
23,22,180280,,전격,,775600,,전격,,,
23,23,181360,,전격,,778600,,전격,,○,
23,24,181600,,전격,,779250,,전격,,,
23,25,181830,,전격,저지전,779900,,전격,저지전,,
23,26,182910,,전격,,783400,,전격,,○,
23,EX스테이지,260레벨 고정,플레이트,전격+수냉,EX보스전,430레벨 고정,플레이트,전격+수냉,EX보스전,,이중 약점 스테이지
23,27,183150,,전격,,784050,,전격,,,
23,28,183380,,전격,,784700,,전격,,,
23,29,184320,,전격,,785350,,전격,,,
23,30,184550,,전격,,786000,,전격,,,
23,31,185630,,전격,,789500,,전격,,○,
23,32,185860,,전격,,790150,,전격,,,
23,33,186120,,전격,,790800,,전격,,,
23,34,189720,리빌드 벌컨R,풍압,보스전,798800,리빌드 벌컨R,풍압,보스전,○,
24,1,189900,,전격,,798000,,전격,,○,
24,2,190060,,전격,,798210,,전격,,,
24,3,190220,,전격,,798420,,전격,,,
24,4,190380,,전격,,798630,,전격,,,
24,5,190540,,전격,,798840,,전격,,,
24,6,190710,,전격,,799050,,전격,,,
24,7,191070,,전격,,799950,,전격,,○,
24,8,191240,,전격,,800180,,전격,,,
24,9,191410,,전격,,800410,,전격,,,
24,10,191580,,전격,거점방어전,800640,,전격,거점방어전,,
24,11,191750,,전격,거점방어전,800870,,전격,거점방어전,,
24,12,191920,,전격,거점방어전,801100,,전격,거점방어전,,
24,13,192370,,전격,,802400,,전격,,○,
24,14,192550,,전격,,802650,,전격,,,
24,15,192730,,전격,,802900,,전격,,,
24,15A-1,193270,,전격,저지전,803150,,전격,저지전,,
24,15B-1,193270,,전격,거점방어전,803400,,전격,거점방어전,,
24,15A-2,193450,,전격,저지전,803650,,전격,저지전,,
24,15B-2,193450,,전격,거점방어전,803900,,전격,거점방어전,,
24,16,194130,,전격,,805900,,전격,,○,
24,17,194310,,전격,,806170,,전격,,,
24,18,194500,,전격,,806440,,전격,,,
24,19,194690,,전격,,806710,,전격,,○,
24,EX스테이지,260레벨 고정,리빌드 빅 암즈,수냉,EX보스전,400레벨 고정,리빌드 빅 암즈,수냉,EX보스전,,
24,20,194880,,전격,,806980,,전격,,,
24,21,195070,,전격,,807250,,전격,,,
24,22,195260,,전격,,807520,,전격,,○,
24,23,195450,,전격,,807990,,전격,,,
24,24,195640,,전격,,808060,,전격,,,
24,25,195830,,전격,,808330,,전격,,,
24,26,196730,,전격,,811230,,전격,,○,
24,27,197320,,전격,,811530,,전격,,○,
24,28,197520,,전격,,811830,,전격,,,
24,29,197720,,전격,,812130,,전격,,,
24,30,197910,,전격,거점방어전,812430,,전격,거점방어전,○,
24,31,198110,,전격,,812730,,전격,,,
24,32,198310,,전격,,813030,,전격,,,
24,33,198510,,전격,거점방어전,813330,,전격,거점방어전,,
24,34,199720,,전격,거점방어전,817330,,전격,거점방어전,○,7뿡이
24,EX스테이지,260레벨 고정,리빌드 쿠쿰버,수냉,EX보스전,400레벨 고정,리빌드 쿠쿰버,수냉,EX보스전,,
24,35,199930,,전격,,817730,,전격,,,
24,35A-1,200140,,전격,섬멸전,818130,,전격,섬멸전,,
24,35B-1,200340,,전격,섬멸전,818530,,전격,섬멸전,,
24,36,201030,,전격,,818930,,전격,,,
24,37,201300,,전격,,819330,,전격,,○,
24,38,204930,마테리얼H,풍압,보스전,824500,마테리얼H,풍압,보스전,○,
25,1,216600,,철갑,,824500,,철갑,,,
25,2,216790,,철갑,,825200,,철갑,,,
25,3,217740,,철갑,,828500,,철갑,,○,
25,4,217930,,철갑,,829200,,철갑,,,
25,5,218120,,철갑,,829900,,철갑,,,
25,6,219070,,철갑,,833200,,철갑,,○,
25,7,219260,,철갑,,833900,,철갑,,,
25,8,219450,,철갑,,834600,,철갑,,,
25,9,219640,,철갑,,837900,,철갑,,,
25,10,220400,,철갑,,838600,,철갑,,,
25,11,220590,,철갑,,839300,,철갑,,,
25,12,221540,,철갑,,842600,,철갑,,○,
25,13,221730,,철갑,,843300,,철갑,,,
25,14,221920,,철갑,,844000,,철갑,,,
25,15,222870,,철갑,,847300,,철갑,,○,
25,15A-1,223060,,철갑,저지전,848000,,철갑,저지전,,
25,15B-1,223250,,철갑,거점방어전,848700,,철갑,거점방어전,,
25,16,223440,,철갑,,849400,,철갑,,,
25,17,223630,,철갑,,850100,,철갑,,,
25,18,224580,,철갑,,853400,,철갑,,○,
25,18A-1,224770,,철갑,저지전,854100,,철갑,저지전,,
25,18B-1,224960,,철갑,거점방어전,854800,,철갑,거점방어전,,
25,19,225150,,철갑,,855500,,철갑,,,
25,20,225340,,철갑,,856200,,철갑,,,
25,21,226290,,철갑,,859500,,철갑,,○,
25,22,226480,,철갑,,860200,,철갑,,,
25,23,226670,,철갑,,860900,,철갑,,,
25,24,226860,,철갑,,864200,,철갑,,,
25,EX스테이지,280레벨 고정,,철갑,EX섬멸전,420레벨 고정,,철갑,EX섬멸전,,
25,25,227620,,철갑,,864900,,철갑,,,
25,26,227810,,철갑,,865600,,철갑,,,
25,27,228760,,철갑,,868900,,철갑,,○,
25,28,228950,,철갑,,869600,,철갑,,,
25,29,229140,,철갑,,870300,,철갑,,,
25,30,229330,,철갑,,873600,,철갑,,,
25,31,229520,,철갑,,874300,,철갑,,,
25,32,229710,,철갑,,875000,,철갑,,,
25,33,229900,,철갑,,878300,,철갑,,,
25,EX스테이지,280레벨 고정,리빌드 벌컨R,풍압,EX보스전,420레벨 고정,리빌드 벌컨R,풍압+전격,EX보스전,,하드EX - 이중 약점 스테이지
25,34,230090,,철갑,,879000,,철갑,,,
25,35,230280,,철갑,,879700,,철갑,,,
25,36,231420,핑거즈,철갑,보스전,885000,핑거즈,철갑,보스전,○,
26,1,245000,,철갑,,885000,,철갑,,,
26,2,245300,,철갑,,885880,,철갑,,,
26,3,247000,,철갑,,890080,,철갑,,○,
26,4,247300,,철갑,,890960,,철갑,,,
26,5,247600,,철갑,,891840,,철갑,,,
26,5A-1,247900,,철갑,거점방어전,892720,,철갑,거점방어전,,
26,5A-2,248200,,철갑,거점방어전,893600,,철갑,거점방어전,,
26,5B-1,248500,,철갑,저지전,894480,,철갑,저지전,,
26,5B-2,248800,,철갑,저지전,895360,,철갑,저지전,,
26,6,249100,,철갑,,896240,,철갑,,,
26,7,249400,,철갑,,897120,,철갑,,,
26,8,251400,,철갑,,901320,,철갑,,○,
26,9,252600,,철갑,,902200,,철갑,,,
26,10,252900,,철갑,,903080,,철갑,,,
26,11,253200,,철갑,,903960,,철갑,,,
26,12,253500,,철갑,,904840,,철갑,,,
26,13,254700,,철갑,,905720,,철갑,,,
26,14,255000,,철갑,,906600,,철갑,,,
26,15,257000,,철갑,,910800,,철갑,,○,
26,EX스테이지,280레벨 고정,스프레드,전격,EX보스전,420레벨 고정,스프레드,전격,EX보스전,,
26,15A-1,257300,,철갑,거점방어전,911680,,철갑,거점방어전,,
26,15A-2,257600,,철갑,거점방어전,912560,,철갑,거점방어전,,
26,15B-1,257900,,철갑,저지전,913440,,철갑,저지전,,
26,15B-2,258200,,철갑,저지전,914320,,철갑,저지전,,
26,16,258500,,철갑,,915200,,철갑,,,
26,17,260500,,철갑,,919400,,철갑,,○,
26,18,261400,,철갑,,920280,,철갑,,,
26,19,261700,,철갑,,921160,,철갑,,,
26,20,263700,,철갑,,925360,,철갑,,○,
26,21,264000,,철갑,,926240,,철갑,,,
26,22,264300,,철갑,,927120,,철갑,,,
26,23,264600,,철갑,,928000,,철갑,,,
26,24,264900,,철갑,,928880,,철갑,,,
26,25,266900,,철갑,,933080,,철갑,,○,
26,EX스테이지,280레벨 고정,리빌드 빅 토르소,풍압,EX보스전,420레벨 고정,리빌드 빅 토르소,풍압,EX보스전,,
26,26,267200,,철갑,,933960,,철갑,,,
26,27,267500,,철갑,,934840,,철갑,,,
26,28,267800,,철갑,,935720,,철갑,,,
26,29,268100,,철갑,,936600,,철갑,,,
26,30,268400,,철갑,,937480,,철갑,,,
26,31,270400,,철갑,,941680,,철갑,,○,
26,32,270700,,철갑,,942560,,철갑,,,
26,33,271000,,철갑,,943440,,철갑,,,
26,34,274000,울트라,철갑,보스전,949000,울트라,철갑,보스전,○,
27,1,276300,,전격,,958600,,전격,,,
27,2,276400,,전격,,959300,,전격,,,
27,3,277400,,전격,,963100,,전격,,○,
27,4,277500,,전격,,963800,,전격,,,
27,5,277600,,전격,,964500,,전격,,,
27,6,277700,,전격,,965200,,전격,,,
27,7,278100,,전격,,965900,,전격,,,
27,8,278200,,전격,,966600,,전격,,,
27,9,279200,,전격,,970400,,전격,,○,
27,10,279300,,전격,,971100,,전격,,,
27,11,279400,,전격,,971800,,전격,,,
27,12,280400,,전격,,975600,,전격,,○,
27,13,280700,,전격,,976300,,전격,,,
27,14,280800,,전격,,977000,,전격,,,
27,15,281800,,전격,,980800,,전격,,○,
27,16,281900,,전격,,981500,,전격,,,
27,17,282000,,전격,,982200,,전격,,,
27,18,283000,,전격,,986000,,전격,,○,
27,EX스테이지,300레벨 고정,,전격,EX섬멸전,440레벨 고정,,전격,EX섬멸전,,
27,18A-1,283100,,전격,거점방어전,986700,,전격,거점방어전,,
27,18A-2,283200,,전격,거점방어전,987400,,전격,거점방어전,,
27,18B-1,283300,,전격,저지전,988100,,전격,저지전,,
27,18B-2,283400,,전격,저지전,988800,,전격,저지전,,
27,19,283500,,전격,,989500,,전격,,,
27,20,283600,,전격,,990200,,전격,,,
27,21,284600,,전격,,994000,,전격,,○,
27,22,284700,,전격,,994700,,전격,,,
27,23,284800,,전격,,995400,,전격,,,
27,24,285800,,전격,,999200,,전격,,○,
27,25,285900,,전격,,999900,,전격,,,
27,26,286000,,전격,,1000600,,전격,,,
27,27,286100,,전격,,1001300,,전격,,,
27,27A-1,286500,,전격,저지전,1002000,,전격,저지전,,
27,27A-2,286600,,전격,저지전,1002700,,전격,저지전,,
27,27B-1,286700,,전격,거점방어전,1003400,,전격,거점방어전,,
27,27B-2,286800,,전격,거점방어전,1004100,,전격,거점방어전,,
27,28,286900,,전격,,1004800,,전격,,,
27,29,287000,,전격,,1005500,,전격,,,
27,30,288000,,전격,,1009300,,전격,,○,
27,EX스테이지,300레벨 고정,스톰브링어,철갑,EX보스전,440레벨 고정,알트아이젠,수냉,EX보스전,,
27,31,288100,,전격,,1010000,,전격,,,
27,32,288200,,전격,,1010700,,전격,,,
27,33,288300,,전격,,1011400,,전격,,,
27,34,288400,,전격,,1012100,,전격,,,
27,35,288500,,전격,,1012800,,전격,,,
27,36,290000,언노운 크리스탈,전격,보스전,1017200,언노운 크리스탈,전격,보스전,○,
28,1,310500,,전격,,1027500,,전격,,,
28,2,310520,,전격,,1027700,,전격,,,
28,3,310920,,전격,,1029400,,전격,,○,
28,4,310940,,전격,,1029600,,전격,,,
28,5,310960,,전격,,1029800,,전격,,,
28,6,310980,,전격,,1030000,,전격,,,
28,7,311000,,전격,,1030200,,전격,,,
28,8,311020,,전격,,1030400,,전격,,,
28,9,311440,,전격,,1032400,,전격,,○,
28,10,311460,,전격,,1032700,,전격,,,
28,11,311480,,전격,,1033000,,전격,,,
28,12,311540,,전격,,1033300,,전격,,,
28,13,311560,,전격,,1033600,,전격,,,
28,14,311580,,전격,,1033900,,전격,,,
28,15,311600,,전격,,1034200,,전격,,,
28,16,311620,,전격,,1034500,,전격,,,
28,17,312060,,전격,,1037000,,전격,,○,
28,18,-,,,,-,,,,,스테이지 미존재
28,18A-1,312080,,전격,거점방어전,1037400,,전격,거점방어전,,
28,18A-2,312100,,전격,저지전,1037800,,전격,저지전,,
28,19,312120,,전격,,1038200,,전격,,,
28,20,312140,,전격,,1038600,,전격,,,
28,21,312160,,전격,,1039000,,전격,,,
28,22,312180,,전격,,1039400,,전격,,,
28,23,312200,,전격,,1039800,,전격,,,
28,EX스테이지,300레벨 고정,핑거즈,철갑,EX보스전,440레벨 고정,핑거즈,철갑,EX보스전,,
28,24,312220,,전격,,1040200,,전격,,,
28,25,312680,,전격,,1043200,,전격,,○,
28,26,-,,,,-,,,,,스테이지 미존재
28,26A-1,312740,,전격,거점방어전,1043600,,전격,거점방어전,,
28,26A-2,312760,,전격,저지전,1044000,,전격,저지전,,
28,27,313240,,전격,,1047500,,전격,,○,
28,28,313740,,전격,,1051500,,전격,,○,
28,29,313760,,전격,,1052000,,전격,,,
28,30,313780,,전격,,1052500,,전격,,,
28,31,314340,,전격,,1057000,,전격,,○,
28,32,314360,,전격,,1057500,,전격,,,
28,EX스테이지,300레벨 고정,블랙스미스,수냉,EX보스전,440레벨 고정,랜드 이터,전격,EX보스전,,
28,33,-,,,,-,,,,,스테이지 미존재
28,33A-1,314380,,전격,거점방어전,1058000,,전격,거점방어전,,
28,33A-2,314400,,전격,저지전,1058500,,전격,저지전,,
28,34,314420,,전격,,1059000,,전격,,,
28,35,314920,,전격,,1064000,,전격,,○,
28,36,315420,,전격,,1069500,,전격,,○,
28,37,315440,,전격,,1070000,,전격,,,
28,38,315940,,전격,,1079000,,전격,,○,
28,39,315960,,전격,,1079500,,전격,,,
28,40,316500,크리스탈 체임버,전격,보스전,1193000,크리스탈 체임버,전격,보스전,○,
29,1,316500,,작열,,1093000,,작열,,,
29,2,316995,,작열,,1093951,,작열,,,
29,3,317490,,작열,,1094902,,작열,,○,
29,4,317985,,작열,,1095853,,작열,,,
29,5,318480,,작열,,1096804,,작열,,,
29,6,318975,,작열,,1097755,,작열,,○,
29,7,319470,,작열,,1098706,,작열,,,
29,8,319965,,작열,,1099657,,작열,,,
29,9,320460,,작열,,1100608,,작열,,,
29,10,320955,,작열,,1101559,,작열,,○,
29,10A-1,322440,,작열,거점방어전,1102510,,작열,거점방어전,,
29,10A-2,322935,,작열,거점방어전,1103461,,작열,거점방어전,,
29,10B-1,323430,,작열,저지전,1104412,,작열,저지전,,
29,10B-2,323925,,작열,저지전,1105363,,작열,저지전,,
29,11,324420,,작열,,1106314,,작열,,,
29,12,324915,,작열,,1107265,,작열,,,
29,13,325410,,작열,,1108216,,작열,,,
29,14,325905,,작열,,1109167,,작열,,○,
29,EX스테이지,300레벨 고정,,작열,EX거점방어전,440레벨 고정,,작열,EX거점방어전,,
29,15,326400,,작열,,1110118,,작열,,,
29,16,326895,,작열,,1111069,,작열,,,
29,17,328875,,작열,,1112020,,작열,,,
29,18,329370,,작열,,1112971,,작열,,○,
29,19,329865,,작열,,1113922,,작열,,,
29,20,330360,,작열,,1114873,,작열,,,
29,21,330855,,작열,,1115824,,작열,,○,
29,21A-1,331350,,작열,저지전,1116775,,작열,저지전,,
29,21A-2,331845,,작열,저지전,1117726,,작열,저지전,,
29,21B-1,332340,,작열,거점방어전,1118677,,작열,거점방어전,,
29,21B-2,332835,,작열,거점방어전,1119628,,작열,거점방어전,,
29,22,333330,,작열,,1120579,,작열,,,
29,23,333825,,작열,,1121530,,작열,,○,
29,24,334320,,작열,,1122481,,작열,,,
29,25,334815,,작열,,1123432,,작열,,,
29,26,335310,,작열,,1124383,,작열,,,
29,27,335805,,작열,,1125334,,작열,,,
29,28,337785,,작열,,1126285,,작열,,,
29,29,338280,,작열,,1127236,,작열,,○,
29,EX스테이지,300레벨 고정,런웨이,철갑,EX보스전,440레벨 고정,런웨이,철갑,EX보스전,,
29,30,338775,,작열,,1128187,,작열,,,
29,31,339270,,작열,,1129138,,작열,,,
29,32,339765,,작열,,1130089,,작열,,,
29,33,340260,,작열,,1131040,,작열,,,
29,34,340755,리빌드 포터,철갑,보스전,1132000,리빌드 포터,철갑,보스전,○,
30,1,341250,,작열,,1132000,,작열,,,
30,2,341745,,작열,,1134165,,작열,,,
30,3,342240,,작열,,1136330,,작열,,,
30,4,342735,,작열,,1138495,,작열,,,
30,5,343230,,작열,,1140660,,작열,,,
30,6,343725,,작열,,1142825,,작열,,○,
30,6A-1,344220,,작열,거점방어전,1144990,,작열,거점방어전,,
30,6A-2,344715,,작열,거점방어전,1147155,,작열,거점방어전,,
30,6B-1,345210,,작열,저지전,1149320,,작열,저지전,,
30,6B-2,345705,,작열,저지전,1151485,,작열,저지전,,
30,7,346200,,작열,,1153650,,작열,,,
30,8,346695,,작열,,1155815,,작열,,,
30,9,347190,,작열,,1157980,,작열,,○,
30,10,349170,,작열,,1160145,,작열,,,
30,11,349665,,작열,,1162310,,작열,,,
30,12,350160,,작열,,1164475,,작열,,○,
30,13,350655,,작열,,1166640,,작열,,,
30,14,351150,,작열,,1168805,,작열,,,
30,15,352635,,작열,,1170970,,작열,,,
30,16,353130,,작열,,1173135,,작열,,,
30,17,353625,,작열,,1175300,,작열,,○,
30,EX스테이지,300레벨 고정,,작열,EX섬멸전,440레벨 고정,,작열,EX섬멸전,,
30,18,354120,,작열,,1177465,,작열,,,
30,19,354615,,작열,,1179630,,작열,,,
30,20,355110,,작열,,1181795,,작열,,○,
30,21,355605,,작열,,1183960,,작열,,,
30,22,356100,,작열,,1186125,,작열,,,
30,23,356595,,작열,,1188290,,작열,,○,
30,23A-1,357090,,작열,저지전,1190455,,작열,저지전,,
30,23A-2,357585,,작열,저지전,1192620,,작열,저지전,,
30,23B-1,358080,,작열,거점방어전,1194785,,작열,거점방어전,,
30,23B-2,358575,,작열,거점방어전,1196950,,작열,거점방어전,,
30,24,360555,,작열,,1199115,,작열,,,
30,25,361050,,작열,,1201280,,작열,,,
30,26,361545,,작열,,1203445,,작열,,○,
30,27,362040,,작열,,1205610,,작열,,,
30,28,362535,,작열,,1207775,,작열,,,
30,29,363030,,작열,,1209940,,작열,,○,
30,EX스테이지,300레벨 고정,언노운 크리스탈,수냉,EX보스전,440레벨 고정,언노운 크리스탈,수냉,EX보스전,,
30,30,363525,,작열,,1212105,,작열,,,
30,31,364020,,작열,,1214270,,작열,,,
30,32,364515,,작열,,1216435,,작열,,,
30,33,365010,,작열,,1218600,,작열,,,
30,34,365600,크리스탈 체임버,전격,보스전,1220800,크리스탈 체임버,전격,보스전,○,
31,1,366100,,작열,,1223400,,작열,,,
31,2,366500,,작열,,1226400,,작열,,,
31,3,366900,,작열,,1231600,,작열,,○,
31,4,367300,,작열,,1234600,,작열,,,
31,5,367700,,작열,,1237600,,작열,,,
31,6,368100,,작열,,1242800,,작열,,○,
31,7,368500,,작열,,1245800,,작열,,,
31,8,368900,,작열,,1248800,,작열,,,
31,9,370000,,작열,,1254000,,작열,,○,
31,9A-1,370400,,작열,저지전,1257000,,작열,저지전,,
31,9A-2,370800,,작열,저지전,1260000,,작열,저지전,,
31,9B-1,371200,,작열,거점방어전,1263000,,작열,거점방어전,,
31,9B-2,371600,,작열,거점방어전,1266000,,작열,거점방어전,,
31,10,372000,,작열,,1269000,,작열,,,
31,11,372400,,작열,,1272000,,작열,,,
31,12,373500,,작열,,1277200,,작열,,○,
31,13,373900,,작열,,1280200,,작열,,,
31,14,374300,,작열,,1283200,,작열,,,
31,15,374700,,작열,,1288400,,작열,,,
31,16,375100,,작열,,1291400,,작열,,,
31,17,375500,,작열,,1294400,,작열,,,
31,18,376600,,작열,,1299600,,작열,,○,
31,19,377000,,작열,,1302600,,작열,,,
31,20,377400,,작열,,1305600,,작열,,,
31,21,377800,,작열,,1310800,,작열,,,
31,22,379400,,작열,,1313800,,작열,,,
31,23,379800,,작열,,1316800,,작열,,,
31,24,380200,,작열,,1322000,,작열,,○,
31,EX스테이지,320레벨 고정,,작열,EX섬멸전,460레벨 고정,,작열,EX섬멸전,,
31,25,380600,,작열,,1325000,,작열,,,
31,26,381000,,작열,,1328000,,작열,,,
31,27,382100,,작열,,1333200,,작열,,○,
31,28,382500,,작열,,1336200,,작열,,,
31,29,382900,,작열,,1339200,,작열,,,
31,30,383300,,작열,,1344400,,작열,,,
31,30A-1,383700,,작열,저지전,1347400,,작열,저지전,,
31,30A-2,384100,,작열,저지전,1350400,,작열,저지전,,
31,30B-1,384500,,작열,거점방어전,1353400,,작열,거점방어전,,
31,30B-2,384900,,작열,거점방어전,1356400,,작열,거점방어전,,
31,31,385300,,작열,,1359400,,작열,,,
31,32,385700,,작열,,1362400,,작열,,,
31,33,386800,,작열,,1367600,,작열,,,
31,EX스테이지,320레벨 고정,오벨리스크,작열,EX보스전,460레벨 고정,오벨리스크,작열,EX보스전,,
31,34,388400,,작열,,1370600,,작열,,,
31,35,388800,,작열,,1373600,,작열,,,
31,36,390400,크리스탈 체임버,전격,보스전,1379600,크리스탈 체임버,전격,보스전,○,
32,1,409100,,작열,,1408390,,작열,,,
32,2,409175,,작열,,1409435,,작열,,,
32,3,409250,,작열,,1411260,,작열,,○,
32,4,409325,,작열,,1412305,,작열,,,
32,5,409400,,작열,,1413350,,작열,,,
32,6,409675,,작열,,1415175,,작열,,○,
32,7,409750,,작열,,1416220,,작열,,,
32,8,409825,,작열,,1417265,,작열,,,
32,9,409900,,작열,,1418310,,작열,,,
32,10,409975,,작열,,1419355,,작열,,,
32,11,410050,,작열,,1420400,,작열,,,
32,12,410325,,작열,,1422225,,작열,,○,
32,13,410400,,작열,,1423270,,작열,,,
32,14,410475,,작열,,1424315,,작열,,,
32,15,410575,,작열,,1425465,,작열,,,
32,16,410675,,작열,,1426615,,작열,,,
32,17,410950,,작열,,1428450,,작열,,○,
32,EX스테이지,320레벨 고정,,작열,EX섬멸전,480레벨 고정,,작열,EX섬멸전,,
32,17A-1,411050,,작열,저지전,1429600,,작열,저지전,,
32,17A-2,411150,,작열,저지전,1430750,,작열,저지전,,
32,17B-1,411250,,작열,거점방어전,1431900,,작열,거점방어전,,
32,17B-2,411350,,작열,거점방어전,1433050,,작열,거점방어전,,
32,18,411450,,작열,,1434200,,작열,,,
32,19,411550,,작열,,1435350,,작열,,,
32,19A-1,411650,,작열,저지전,1436500,,작열,저지전,,
32,19A-2,411750,,작열,저지전,1437650,,작열,저지전,,
32,19B-1,411850,,작열,거점방어전,1438800,,작열,거점방어전,,
32,19B-2,411950,,작열,거점방어전,1439950,,작열,거점방어전,,
32,20,412225,,작열,,1441775,,작열,,○,
32,21,412350,,작열,,1443030,,작열,,,
32,22,412475,,작열,,1444285,,작열,,,
32,23,412750,,작열,,1446110,,작열,,○,
32,23A-1,412875,,작열,저지전,1447365,,작열,저지전,,
32,23A-2,413000,,작열,저지전,1448620,,작열,저지전,,
32,23B-1,413125,,작열,거점방어전,1449875,,작열,거점방어전,,
32,23B-2,413250,,작열,거점방어전,1451130,,작열,거점방어전,,
32,24,413375,,작열,,1452385,,작열,,,
32,25,413500,,작열,,1453640,,작열,,,
32,26,413775,,작열,,1455465,,작열,,○,
32,27,413900,,작열,,1456720,,작열,,,
32,28,414025,,작열,,1457975,,작열,,,
32,29,414150,,작열,,1459230,,작열,,,
32,30,414425,,작열,,1461055,,작열,,○,
32,EX스테이지,320레벨 고정,크리스탈 아머,전격,EX보스전,480레벨 고정,크리스탈 아머,전격,EX보스전,,
32,31,414675,,작열,,1462310,,작열,,,
32,32,414925,,작열,,1463565,,작열,,,
32,33,415600,미러 컨테이너,전격,보스전,1466720,미러 컨테이너,전격,보스전,○,
33,1,415600,,풍압,,1466700,,풍압,,,
33,2,416130,,풍압,,1468800,,풍압,,,
33,3,416660,,풍압,,1470900,,풍압,,,
33,4,417190,,풍압,,1473000,,풍압,,,
33,5,417720,,풍압,,1475100,,풍압,,○,
33,6,418250,,풍압,,1477200,,풍압,,,
33,7,418780,,풍압,,1479300,,풍압,,,
33,8,419310,,풍압,,1481400,,풍압,,○,
33,9,419840,,풍압,,1483500,,풍압,,,
33,10,420370,,풍압,,1485600,,풍압,,,
33,11,420900,,풍압,,1487700,,풍압,,○,
33,11A-1,421430,,풍압,저지전,1489800,,풍압,저지전,,
33,11A-2,421960,,풍압,저지전,1491900,,풍압,저지전,,
33,11B-1,422490,,풍압,거점방어전,1494000,,풍압,거점방어전,,
33,11B-2,423020,,풍압,거점방어전,1496100,,풍압,거점방어전,,
33,12,423550,,풍압,,1498200,,풍압,,,
33,13,424080,,풍압,,1500300,,풍압,,,
33,14,424610,,풍압,,1502400,,풍압,,○,
33,15,425140,,풍압,,1504500,,풍압,,,
33,16,425670,,풍압,,1506600,,풍압,,,
33,17,426200,,풍압,,1508700,,풍압,,○,
33,EX스테이지,340레벨 고정,,전격,EX저지전,500레벨 고정,,전격,EX저지전,,
33,18,426730,,풍압,,1510800,,풍압,,,
33,19,427260,,풍압,,1512900,,풍압,,,
33,20,427790,,풍압,,1515000,,풍압,,○,
33,20A-1,428320,,풍압,저지전,1517100,,풍압,저지전,,
33,20A-2,428850,,풍압,저지전,1519200,,풍압,저지전,,
33,20B-1,429380,,풍압,거점방어전,1521300,,풍압,거점방어전,,
33,20B-2,429910,,풍압,거점방어전,1523400,,풍압,거점방어전,,
33,21,430440,,풍압,,1525500,,풍압,,,
33,22,430970,,풍압,,1527600,,풍압,,,
33,23,431500,,풍압,,1529700,,풍압,,○,
33,EX스테이지,340레벨 고정,마더웨일,전격,EX보스전,500레벨 고정,마더웨일,전격,EX보스전,,
33,24,432030,,풍압,,1531800,,풍압,,,
33,25,432560,,풍압,,1533900,,풍압,,,
33,26,433090,,풍압,,1536000,,풍압,,○,
33,27,433620,,풍압,,1538100,,풍압,,,
33,28,434150,,풍압,,1540200,,풍압,,,
33,29,434680,,풍압,,1542300,,풍압,,,
33,30,435210,,풍압,,1544400,,풍압,,,
33,31,435740,,풍압,,1546500,,풍압,,○,
33,32,436270,,풍압,,1548600,,풍압,,,
33,33,436800,,풍압,,1550700,,풍압,,,
33,34,438700,크리스탈 아머,전격,보스전,1556570,크리스탈 아머,전격,보스전,○,
34,1,438700,,풍압,,1556600,,풍압,,,
34,2,439260,,풍압,,1558700,,풍압,,,
34,3,439820,,풍압,,1560800,,풍압,,○,
34,4,440380,,풍압,,1562900,,풍압,,,
34,5,440940,,풍압,,1565000,,풍압,,,
34,6,441500,,풍압,,1567100,,풍압,,○,
34,7,442060,,풍압,,1569200,,풍압,,,
34,8,442620,,풍압,,1571300,,풍압,,,
34,9,443180,,풍압,,1573400,,풍압,,○,
34,10,443740,,풍압,,1575500,,풍압,,,
34,11,444300,,풍압,,1577600,,풍압,,,
34,12,444860,,풍압,,1579700,,풍압,,○,
34,13,445420,,풍압,,1581800,,풍압,,,
34,14,445980,,풍압,,1583900,,풍압,,,
34,15,446540,,풍압,,1586000,,풍압,,○,
34,16,447100,,풍압,,1588100,,풍압,,,
34,17,447660,,풍압,,1590200,,풍압,,,
34,18,448220,,풍압,,1592300,,풍압,,○,16폭탄
34,18A-1,448780,,풍압,거점방어전,1594400,,풍압,거점방어전,,
34,18A-2,449340,,풍압,거점방어전,1596500,,풍압,거점방어전,,
34,18B-1,449900,,풍압,저지전,1598600,,풍압,저지전,,
34,18B-2,450460,,풍압,저지전,1600700,,풍압,저지전,,
34,19,451020,,풍압,,1602800,,풍압,,,
34,20,451580,,풍압,,1604900,,풍압,,,
34,21,452140,,풍압,,1607000,,풍압,,○,
34,21A-1,452700,,풍압,저지전,1609100,,풍압,저지전,,
34,21A-2,453260,,풍압,저지전,1611200,,풍압,저지전,,
34,21B-1,453820,,풍압,거점방어전,1613300,,풍압,거점방어전,,
34,21B-2,454380,,풍압,거점방어전,1615400,,풍압,거점방어전,,
34,22,454940,,풍압,,1617500,,풍압,,,
34,23,455500,,풍압,,1619600,,풍압,,,
34,24,456060,,풍압,,1621700,,풍압,,,
34,EX스테이지,340레벨 고정,,전격,EX섬멸전,520레벨 고정,,전격,EX섬멸전,,
34,25,456620,,풍압,,1623800,,풍압,,,
34,26,457180,,풍압,,1625900,,풍압,,,
34,27,457740,,풍압,,1628000,,풍압,,○,
34,28,458300,,풍압,,1630100,,풍압,,,
34,29,458860,,풍압,,1632200,,풍압,,,
34,30,459420,,풍압,,1634300,,풍압,,,
34,31,459980,,풍압,,1636400,,풍압,,,
34,32,460540,,풍압,,1638500,,풍압,,○,
34,33,461100,,풍압,,1640600,,풍압,,,
34,34,461660,,풍압,,1642700,,풍압,,,
34,35,462220,,풍압,,1644800,,풍압,,,5뿡이
34,EX스테이지,340레벨 고정,크리스탈 체임버,전격,EX보스전,520레벨 고정,크리스탈 체임버,전격,EX보스전,,
34,36,462780,,풍압,,1646900,,풍압,,,
34,37,463340,,풍압,,1649000,,풍압,,,
34,38,465400,베히모스,전격,보스전,1654200,베히모스,전격,보스전,○,
35,1,465800,,철갑,,1654200,,철갑,,,
35,2,466300,,철갑,,1656300,,철갑,,,
35,3,467200,,철갑,,1659800,,철갑,,○,
35,3A-1,467700,,철갑,저지전,1661900,,철갑,저지전,,
35,3B-1,467700,,철갑,거점방어전,1661900,,철갑,거점방어전,,
35,3A-2,468200,,철갑,저지전,1664000,,철갑,저지전,,
35,3B-2,468200,,철갑,거점방어전,1664000,,철갑,거점방어전,,
35,4,468700,,철갑,,1666100,,철갑,,,
35,5,469200,,철갑,,1668200,,철갑,,,
35,6,470100,,철갑,,1671700,,철갑,,○,
35,7,470600,,철갑,,1673800,,철갑,,,
35,8,471100,,철갑,,1675900,,철갑,,,
35,9,472000,,철갑,,1679400,,철갑,,○,
35,10,472500,,철갑,,1681500,,철갑,,,
35,11,473000,,철갑,,1683600,,철갑,,,
35,12,473900,,철갑,,1687100,,철갑,,,
35,EX스테이지,360레벨 고정,,수냉,EX섬멸전,540레벨 고정,,수냉,EX섬멸전,,타수 기믹 랩처 15기 - 머신건 필수
35,13,474400,,철갑,,1689200,,철갑,,,
35,14,474900,,철갑,,1691300,,철갑,,,
35,15,475800,,철갑,,1694800,,철갑,,○,
35,16,476300,,철갑,,1696900,,철갑,,,
35,17,476800,,철갑,,1699000,,철갑,,,
35,18,477700,,철갑,,1702500,,철갑,,○,
35,19,478200,,철갑,,1704600,,철갑,,,
35,20,478700,,철갑,,1706700,,철갑,,,
35,21,479600,,철갑,,1710200,,철갑,,,
35,EX스테이지,360레벨 고정,플레이트,수냉,EX보스전,540레벨 고정,플레이트,수냉,EX보스전,,
35,22,480100,,철갑,,1712300,,철갑,,,
35,23,480600,,철갑,,1714400,,철갑,,,
35,24,481500,,철갑,,1717900,,철갑,,○,
35,25,482000,,철갑,,1720000,,철갑,,,
35,26,482500,,철갑,,1722100,,철갑,,,시작 3코코볼
35,27,483400,,철갑,,1725600,,철갑,,○,
35,28,483900,,철갑,,1727700,,철갑,,,
35,29,484400,,철갑,,1729800,,철갑,,,
35,30,485300,,철갑,,1733300,,철갑,,○,
35,30A-1,485800,,철갑,저지전,1735400,,철갑,저지전,,
35,30B-1,485800,,철갑,거점방어전,1735400,,철갑,거점방어전,,
35,30A-2,486300,,철갑,저지전,1737500,,철갑,저지전,,
35,30B-2,486300,,철갑,거점방어전,1737500,,철갑,거점방어전,,
35,31,486800,,철갑,,1739600,,철갑,,,
35,32,487300,,철갑,,1741700,,철갑,,,
35,33,488200,,철갑,,1745200,,철갑,,,
35,34,488700,,철갑,,1747300,,철갑,,,
35,35,489200,,철갑,,1749400,,철갑,,,
35,36,491600,스카라베,수냉,보스전,1755500,스카라베,수냉,보스전,○,
36,1,491600,,철갑,,1755500,,철갑,,,
36,2,492100,,철갑,,1757950,,철갑,,,
36,3,492900,,철갑,,1761100,,철갑,,○,
36,3A-1,493400,,철갑,저지전,1763550,,철갑,저지전,,
36,3B-1,493400,,철갑,거점방어전,1763550,,철갑,거점방어전,,
36,3A-2,493900,,철갑,저지전,1766000,,철갑,저지전,,
36,3B-2,493900,,철갑,거점방어전,1766000,,철갑,거점방어전,,
36,4,494400,,철갑,,1768450,,철갑,,,
36,5,494900,,철갑,,1770900,,철갑,,,
36,6,495400,,철갑,,1773350,,철갑,,,
36,7,496200,,철갑,,1776500,,철갑,,○,시작 3코코볼
36,8,496700,,철갑,,1778950,,철갑,,,
36,9,497200,,철갑,,1781400,,철갑,,,
36,10,497700,,철갑,,1783850,,철갑,,,
36,11,498200,,철갑,,1786300,,철갑,,,
36,12,499000,,철갑,,1789450,,철갑,,○,
36,EX스테이지,360레벨 고정,,풍압,EX거점방어전,540레벨 고정,,풍압,EX거점방어전,,
36,13,499500,,철갑,,1791900,,철갑,,,
36,14,500000,,철갑,,1794350,,철갑,,,
36,15,500800,,철갑,,1797500,,철갑,,○,
36,16,501300,,철갑,,1799950,,철갑,,,
36,17,501800,,철갑,,1802400,,철갑,,,
36,18,502600,,철갑,,1805550,,철갑,,○,
36,19,503100,,철갑,,1808000,,철갑,,,
36,20,503600,,철갑,,1810450,,철갑,,,
36,21,504100,,철갑,,1812900,,철갑,,,
36,22,504600,,철갑,,1815350,,철갑,,,
36,23,505400,,철갑,,1818500,,철갑,,○,
36,24,505900,,철갑,,1820950,,철갑,,,
36,25,506400,,철갑,,1823400,,철갑,,,
36,25A-1,505900,,철갑,저지전,1820950,,철갑,저지전,,
36,25A-2,506400,,철갑,저지전,1823400,,철갑,저지전,,
36,25B-1,506900,,철갑,거점방어전,1825850,,철갑,거점방어전,,
36,25B-2,507400,,철갑,거점방어전,1828300,,철갑,거점방어전,,
36,26,507900,,철갑,,1830750,,철갑,,,
36,27,508400,,철갑,,1833200,,철갑,,,
36,28,509200,,철갑,,1836350,,철갑,,○,
36,EX스테이지,360레벨 고정,하베스터,수냉,EX보스전,540레벨 고정,하베스터,수냉,EX보스전,,
36,29,509700,,철갑,,1838800,,철갑,,,
36,30,510200,,철갑,,1841250,,철갑,,,
36,31,510700,,철갑,,1843700,,철갑,,,
36,32,511200,,철갑,,1846150,,철갑,,,
36,33,511700,,철갑,,1848600,,철갑,,,
36,34,512500,,철갑,,1851750,,철갑,,○,
36,35,513000,,철갑,,1854200,,철갑,,,
36,36,513500,,철갑,,1856650,,철갑,,,
36,37,514600,검은 뱀,수냉,보스전,1860900,검은 뱀,수냉,보스전,○,
37,1,514600,,전격,,1860900,,전격,,,
37,2,515000,,전격,,1863100,,전격,,,
37,3,515400,,전격,,1865300,,전격,,,
37,4,515800,,전격,,1867500,,전격,,,
37,5,516700,,전격,,1871700,,전격,,○,
37,6,517100,,전격,,1873900,,전격,,,
37,7,518000,,전격,,1878100,,전격,,,
37,8,518400,,전격,,1880300,,전격,,,
37,9,518800,,전격,,1882500,,전격,,,
37,10,519700,,전격,,1886700,,전격,,○,
37,10A-1,520100,,전격,거점방어전,1888900,,전격,거점방어전,,
37,10B-1,520100,,전격,저지전,1888900,,전격,저지전,,
37,10A-2,520500,,전격,거점방어전,1891100,,전격,거점방어전,,
37,10B-2,520500,,전격,저지전,1891100,,전격,저지전,,
37,11,520900,,전격,,1893300,,전격,,,
37,12,521300,,전격,,1895500,,전격,,,
37,13,522200,,전격,,1899700,,전격,,○,
37,14,522600,,전격,,1901900,,전격,,,
37,15,523000,,전격,,1904100,,전격,,,
37,16,523900,,전격,,1908300,,전격,,○,
37,17,524300,,전격,,1910500,,전격,,,
37,18,524700,,전격,,1912700,,전격,,,
37,19,525600,,전격,,1916900,,전격,,○,
37,EX스테이지,380레벨 고정,스카라베,수냉,EX보스전,580레벨 고정,스카라베,수냉,EX보스전,,
37,20,526000,,전격,,1919100,,전격,,,
37,21,526400,,전격,,1921300,,전격,,,
37,22,527300,,전격,,1925500,,전격,,,
37,23,527700,,전격,,1927700,,전격,,,
37,24,528100,,전격,,1929900,,전격,,,
37,25,529000,,전격,,1934100,,전격,,,
37,25A-1,529400,,전격,거점방어전,1936300,,전격,거점방어전,,
37,25B-1,529400,,전격,저지전,1936300,,전격,저지전,,
37,25A-2,529800,,전격,거점방어전,1938500,,전격,거점방어전,,
37,25B-2,529800,,전격,저지전,1938500,,전격,저지전,,
37,26,530200,,전격,,1940700,,전격,,,
37,27,530600,,전격,,1942900,,전격,,,
37,28,531000,,전격,,1945100,,전격,,,
37,29,531400,,전격,,1947300,,전격,,,
37,30,532300,,전격,,1951500,,전격,,○,
37,EX스테이지,380레벨 고정,,작열,EX저지전,580레벨 고정,,작열,EX저지전,,
37,31,532700,,전격,,1953700,,전격,,,
37,32,533100,,전격,,1955900,,전격,,,
37,33,534000,,전격,,1960100,,전격,,,
37,34,534400,,전격,,1962300,,전격,,,
37,35,534800,,전격,,1964500,,전격,,,
37,36,536700,레비아탄,작열,보스전,1972900,레비아탄,작열,보스전,○,
38,1,536700,,전격,,1972900,,전격,,,
38,2,537400,,전격,,1975400,,전격,,,
38,3,538550,,전격,,1979650,,전격,,○,
38,4,539250,,전격,,1982150,,전격,,,
38,5,539950,,전격,,1984650,,전격,,,
38,6,541100,,전격,,1988900,,전격,,○,
38,6A-1,541800,,전격,거점방어전,1991400,,전격,거점방어전,,
38,6B-1,541800,,전격,저지전,1991400,,전격,저지전,,
38,6A-2,542500,,전격,거점방어전,1993900,,전격,거점방어전,,
38,6B-2,542500,,전격,저지전,1993900,,전격,저지전,,
38,7,543200,,전격,,1996400,,전격,,,
38,8,543900,,전격,,1998900,,전격,,,
38,9,545050,,전격,,2003150,,전격,,○,
38,10,545750,,전격,,2005650,,전격,,,
38,11,546450,,전격,,2008150,,전격,,,
38,12,547150,,전격,,2010650,,전격,,,
38,13,547850,,전격,,2013150,,전격,,,
38,14,549000,,전격,,2017400,,전격,,○,
38,15,549700,,전격,,2019900,,전격,,,
38,16,550400,,전격,,2022400,,전격,,,
38,17,551100,,전격,,2024900,,전격,,,
38,18,551800,,전격,,2027400,,전격,,,
38,19,552950,,전격,,2031650,,전격,,○,
38,EX스테이지,380레벨 고정,,전격,EX섬멸전,550레벨 고정,,전격,EX섬멸전,,
38,20,553650, ,전격,,2034150,,전격,,,
38,21,554350,,전격,,2036650,,전격,,,
38,22,555050,,전격,,2039150,,전격,,,
38,23,555750,,전격,,2041650,,전격,,,
38,24,556900,,전격,,2045900,,전격,,○,
38,25,557600,,전격,,2048400,,전격,,,
38,26,558300,,전격,,2050900,,전격,,,
38,27,559000,,전격,,2053400,,전격,,,
38,28,559700,,전격,,2055900,,전격,,,
38,29,560850,,전격,,2060150,,전격,,○,
38,29A-1,561550,,전격,거점방어전,2062650,,전격,거점방어전,,
38,29B-1,561550,,전격,저지전,2062650,,전격,저지전,,
38,29A-2,562250,,전격,거점방어전,2065150,,전격,거점방어전,,
38,29B-2,562250,,전격,저지전,2065150,,전격,저지전,,
38,30,562950,,전격,,2067650,,전격,,,
38,31,563650,,전격,,2070150,,전격,,,
38,32,564800,,전격,,2074400,,전격,,○,코코볼 방지턱
38,EX스테이지,380레벨 고정,검은 뱀,수냉,EX보스전,550레벨 고정,검은 뱀,수냉,EX보스전,,
38,33,565500,,전격,,2076900,,전격,,,
38,34,566200,,전격,,2079400,,전격,,,
38,35,566900,,전격,,2081900,,전격,,,
38,36,567600,,전격,,2084400,,전격,,,
38,37,569400,글러트니,작열,보스전,2090200,글러트니,작열,보스전,○,
39,1,569400,,수냉,,2090200,,수냉,,,
39,2,569600,,수냉,,2092700,,수냉,,,
39,3,570300,,수냉,,2097700,,수냉,,○,
39,4,570500,,수냉,,2100200,,수냉,,,
39,5,570700,,수냉,,2102700,,수냉,,,
39,6,570900,,수냉,,2105200,,수냉,,,
39,7,571100,,수냉,,2107700,,수냉,,,
39,8,571800,,수냉,,2112700,,수냉,,○,
39,8A-1,572000,,수냉,섬멸전,2115200,,수냉,섬멸전,,
39,8B-1,572000,,수냉,섬멸전,2115200,,수냉,섬멸전,,
39,8A-2,572200,,수냉,섬멸전,2117700,,수냉,섬멸전,,
39,8B-2,572200,,수냉,섬멸전,2117700,,수냉,섬멸전,,
39,9,572400,,수냉,,2120200,,수냉,,,
39,10,573100,,수냉,,2125200,,수냉,,○,
39,11,573300,,수냉,,2127700,,수냉,,,
39,12,573500,,수냉,,2130200,,수냉,,,
39,13,574200,,수냉,,2135200,,수냉,,○,
39,14,574400,,수냉,,2137700,,수냉,,,
39,15,574600,,수냉,,2140200,,수냉,,,
39,16,574800,,수냉,,2142700,,수냉,,,
39,17,575500,,수냉,,2147700,,수냉,,○,
39,17A-1,575700,,수냉,섬멸전,2150200,,수냉,섬멸전,,
39,17B-1,575700,,수냉,섬멸전,2150200,,수냉,섬멸전,,
39,17A-2,575900,,수냉,섬멸전,2152700,,수냉,섬멸전,,
39,17B-2,575900,,수냉,섬멸전,2152700,,수냉,섬멸전,,
39,18,576100,,수냉,,2155200,,수냉,,,
39,19,576800,,수냉,,2160200,,수냉,,○,
39,EX스테이지,400레벨 고정,시니스터,작열,EX보스전,600레벨 고정,시니스터,작열,EX보스전,,
39,20,577000,,수냉,,2162700,,수냉,,,
39,21,577200,,수냉,,2165200,,수냉,,,
39,22,577900,,수냉,,2170200,,수냉,,○,
39,23,578100,,수냉,,2172700,,수냉,,,
39,24,578300,,수냉,,2175200,,수냉,,,
39,25,579000,,수냉,,2180200,,수냉,,○,
39,26,579200,,수냉,,2182700,,수냉,,,
39,27,579400,,수냉,,2185200,,수냉,,,
39,28,579600,,수냉,,2187700,,수냉,,,
39,29,579800,,수냉,,2190200,,수냉,,,
39,30,580500,,수냉,,2195200,,수냉,,○,
39,EX스테이지,400레벨 고정,,작열,EX섬멸전,600레벨 고정,,작열,EX섬멸전,,
39,31,580700,,수냉,,2197700,,수냉,,,
39,32,580900,,수냉,,2200200,,수냉,,,
39,33,581600,,수냉,,2205200,,수냉,,○,
39,34,581800,,수냉,,2207700,,수냉,,,
39,35,582000,,수냉,,2210200,,수냉,,,
39,36,583900,리빌드 오벨리스크,작열,보스전,2214000,리빌드 오벨리스크,작열,보스전,○,
40,1,583900,,수냉,,2214000,,수냉,,,
40,2,584775,,수냉,,2216525,,수냉,,,
40,3,586395,,수냉,,2221075,,수냉,,○,
40,4,587270,,수냉,,2223800,,수냉,,,
40,5,588145,,수냉,,2226525,,수냉,,,
40,6,589765,,수냉,,2231075,,수냉,,○,
40,7,590640,,수냉,,2233800,,수냉,,,
40,8,591515,,수냉,,2236525,,수냉,,,
40,9,593135,,수냉,,2241075,,수냉,,○,
40,10,594010,,수냉,,2243800,,수냉,,,
40,11,594885,,수냉,,2246525,,수냉,,,
40,12,595760,,수냉,,2249250,,수냉,,,
40,13,596635,,수냉,,2251975,,수냉,,,
40,14,598255,,수냉,,2256525,,수냉,,○,
40,EX스테이지,400레벨 고정,,작열,EX섬멸전,600레벨 고정,,작열,EX섬멸전,,
40,15,599130,,수냉,,2259250,,수냉,,,
40,16,600005,,수냉,,2261975,,수냉,,,
40,17,600880,,수냉,,2264700,,수냉,,,
40,18,601755,,수냉,,2267425,,수냉,,,
40,19,603375,,수냉,,2271975,,수냉,,○,
40,20,604250,,수냉,,2274700,,수냉,,,
40,21,605125,,수냉,,2277425,,수냉,,,
40,22,606745,,수냉,,2281975,,수냉,,○,
40,22A-1,607620,,수냉,섬멸전,2284700,,수냉,섬멸전,,
40,22B-1,607620,,수냉,섬멸전,2284700,,수냉,섬멸전,,
40,22A-2,608495,,수냉,섬멸전,2287425,,수냉,섬멸전,,
40,22B-2,608495,,수냉,섬멸전,2287425,,수냉,섬멸전,,
40,23,609370,,수냉,,2290150,,수냉,,,
40,24,610245,,수냉,,2292875,,수냉,,,
40,25,611865,,수냉,,2297425,,수냉,,○,
40,26,612740,,수냉,,2300150,,수냉,,,
40,27,613615,,수냉,,2302875,,수냉,,,
40,28,615235,,수냉,,2307425,,수냉,,○,
40,28A-1,616110,,수냉,섬멸전,2310150,,수냉,섬멸전,,
40,28B-1,616110,,수냉,섬멸전,2310150,,수냉,섬멸전,,
40,28A-2,616985,,수냉,섬멸전,2312875,,수냉,섬멸전,,
40,28B-2,616985,,수냉,섬멸전,2312875,,수냉,섬멸전,,
40,29,617860,,수냉,,2315600,,수냉,,,
40,30,618735,,수냉,,2318325,,수냉,,,
40,31,620355,,수냉,,2322875,,수냉,,○,
40,EX스테이지,400레벨 고정,타이피스,작열,EX보스전,600레벨 고정,타이피스,작열,EX보스전,,
40,32,621230,,수냉,,2325600,,수냉,,,
40,33,622850,,수냉,,2330150,,수냉,,○,
40,34,623725,,수냉,,2332875,,수냉,,,
40,35,624600,,수냉,,2335600,,수냉,,,
40,36,627500,지즈,작열,보스전,2343000,지즈,작열,보스전,○,
41,1,627500,,작열,,2343000,,작열,,○,
41,2,627780,,작열,,2346000,,작열,,,
41,3,628060,,작열,,2349000,,작열,,,
41,4,628955,,작열,,2353375,,작열,,○,
41,5,629235,,작열,,2356375,,작열,,,
41,6,629515,,작열,,2359375,,작열,,,
41,7,629795,,작열,,2362375,,작열,,,
41,8,630075,,작열,,2365375,,작열,,,
41,9,630355,,작열,,2368375,,작열,,,
41,10,630635,,작열,,2371375,,작열,,,
41,11,630915,,작열,,2374375,,작열,,,
41,12,631195,,작열,,2377375,,작열,,,
41,13,631475,,작열,,2380375,,작열,,,
41,14,632370,,작열,,2384750,,작열,,○,
41,15,632650,,작열,,2387750,,작열,,,
41,16,632930,,작열,,2390750,,작열,,,
41,17,633825,,작열,,2395125,,작열,,○,
41,EX스테이지,410레벨 고정,,풍압,EX저지전,620레벨 고정,,풍압,EX저지전,,
41,17A-1,634105,,작열,거점방어전,2398125,,작열,거점방어전,,
41,17B-1,634105,,작열,저지전,2398125,,작열,저지전,,
41,17A-2,634385,,작열,거점방어전,2401125,,작열,거점방어전,,
41,17B-2,634385,,작열,저지전,2401125,,작열,저지전,,
41,18,634665,,작열,,2404125,,작열,,,
41,19,634945,,작열,,2407125,,작열,,,
41,20,635840,베히모스,전격,보스전,2411500,베히모스,전격,보스전,○,
41,21,636120,,작열,,2414500,,작열,,,
41,22,636400,,작열,,2417500,,작열,,,
41,23,636680,,작열,,2420500,,작열,,,
41,24,636960,,작열,,2423500,,작열,,,
41,25,637855,지즈,작열,보스전,2427875,지즈,작열,보스전,○,
41,26,638135,,작열,,2430875,,작열,,,
41,27,638415,,작열,,2433875,,작열,,,
41,28,639310,,작열,,2438250,,작열,,○,
41,29,639590,,작열,,2441250,,작열,,,
41,30,639870,,작열,,2444250,,작열,,,
41,31,640150,,작열,,2447250,,작열,,,
41,32,640430,,작열,,2450250,,작열,,,
41,33,640710,,작열,,2453250,,작열,,,
41,34,641605,,작열,,2457625,,작열,,○,
41,35,641885,,작열,,2460625,,작열,,,
41,36,642165,,작열,,2463625,,작열,,,
41,37,642445,,작열,,2466625,,작열,,,
41,EX스테이지,410레벨 고정,두리안,풍압,EX보스전,620레벨 고정,두리안,풍압,EX보스전,,
41,38,642725,,작열,,2469625,,작열,,,
41,39,643005,,작열,,2472625,,작열,,,
41,40,643900,툼스톤,풍압,보스전,2477000,툼스톤,풍압,보스전,○,
42,1,643900,,작열,,2477000,,작열,,,
42,2,644735,,작열,,2480300,,작열,,,
42,3,646055,,작열,,2483900,,작열,,○,
42,4,646890,,작열,,2487200,,작열,,,
42,5,647725,,작열,,2490500,,작열,,,
42,6,648560,,작열,,2493800,,작열,,,
42,7,649395,,작열,,2497100,,작열,,,
42,8,650230,,작열,,2500400,,작열,,,
42,9,651065,,작열,,2503700,,작열,,,
42,10,652385,,작열,,2503700,,작열,,○,
42,11,653220,,작열,,2510600,,작열,,,
42,12,654055,,작열,,2513900,,작열,,,
42,13,655375,글러트니,작열,보스전,2517500,글러트니,작열,보스전,○,
42,14,656210,,작열,,2520800,,작열,,,
42,15,657045,,작열,,2524100,,작열,,,
42,16,657880,,작열,,2527400,,작열,,,
42,17,658715,,작열,,2530700,,작열,,,
42,18,659550,,작열,,2534000,,작열,,,
42,19,660385,,작열,,2537300,,작열,,,
42,20,661220,,작열,,2540600,,작열,,,
42,21,662055,,작열,,2543900,,작열,,,
42,22,662890,,작열,,2547200,,작열,,,
42,23,664210,,작열,,2550800,,작열,,○,
42,EX스테이지,410레벨 고정,,작열,EX거점방어전,620레벨 고정,,작열,EX거점방어전,,
42,24,665045,,작열,,2554100,,작열,,,
42,25,665880,,작열,,2557400,,작열,,,
42,26,666715,,작열,,2560700,,작열,,,
42,27,667550,,작열,,2564000,,작열,,,
42,28,668385,,작열,,2567300,,작열,,,
42,29,669705,,작열,,2570900,,작열,,○,
42,30,670540,,작열,,2574200,,작열,,,
42,31,671375,,작열,,2577500,,작열,,,
42,32,672210,,작열,,2580800,,작열,,,
42,33,673045,,작열,,2584100,,작열,,,
42,34,673880,,작열,,2587400,,작열,,,
42,35,674715,,작열,,2590700,,작열,,,
42,36,675550,,작열,,2594000,,작열,,,
42,37,676870,,작열,,2597600,,작열,,○,
42,38,677705,,작열,,2600900,,작열,,,
42,39,678540,,작열,,2604200,,작열,,,
42,40,679375,,작열,,2607500,,작열,,,
42,41,680210,,작열,,2610800,,작열,,,
42,EX스테이지,410레벨 고정,리빌드 오벨리스크,작열,EX보스전,620레벨 고정,리빌드 오벨리스크,작열,EX보스전,,
42,42,681045,,작열,,2614100,,작열,,,
42,43,681880,,작열,,2617400,,작열,,,
42,44,683200,온리 원,수냉,보스전,2621000,온리 원,수냉,보스전,○,
43,1,683200,,풍압,,2621000,,풍압,,,
43,2,683400,,풍압,,2623000,,풍압,,○,
43,3,683600,,풍압,,2625000,,풍압,,,
43,4,684300,,풍압,,2631000,,풍압,,○,
43,5,684500,,풍압,,2633000,,풍압,,,
43,6,684700,,풍압,,2635000,,풍압,,,
43,7,685400,,풍압,,2641000,,풍압,,○,
43,8,685600,,풍압,,2643000,,풍압,,,
43,9,685800,,풍압,,2645000,,풍압,,,
43,10,686500,,풍압,,2651000,,풍압,,○,
43,11,686700,,풍압,,2653000,,풍압,,,
43,12,686900,,풍압,,2655000,,풍압,,,
43,13,687600,,풍압,,2661000,,풍압,,○,
43,14,687800,,풍압,,2663000,,풍압,,,
43,15,688000,,풍압,,2665000,,풍압,,,
43,16,688700,,풍압,,2671000,,풍압,,○,
43,EX스테이지,420레벨 고정,,풍압,EX섬멸전,640레벨 고정,,풍압,EX섬멸전,,
43,17,688900,,풍압,,2673000,,풍압,,,
43,18,689100,,풍압,,2675000,,풍압,,,
43,19,689800,,풍압,,2681000,,풍압,,○,
43,20,690000,,풍압,,2683000,,풍압,,,
43,21,690200,,풍압,,2685000,,풍압,,,
43,22,690900,,풍압,,2691000,,풍압,,○,
43,23,691100,,풍압,,2693000,,풍압,,,
43,24,691300,,풍압,,2694000,,풍압,,,
43,24A-1,691500,,풍압,저지전,2696000,,풍압,저지전,,
43,24B-1,691500,,풍압,거점방어전,2696000,,풍압,거점방어전,,
43,24A-2,691700,,풍압,저지전,2698000,,풍압,저지전,,
43,24B-2,691700,,풍압,거점방어전,2698000,,풍압,거점방어전,,
43,25,691900,,풍압,,2700000,,풍압,,,
43,26,692100,,풍압,,2702000,,풍압,,,
43,27,692800,,풍압,,2707000,,풍압,,○,
43,28,693500,,풍압,,2712000,,풍압,,○,
43,29,693700,,풍압,,2714000,,풍압,,,
43,30,693900,,풍압,,2716000,,풍압,,,
43,31,694600,,풍압,,2721000,,풍압,,○,
43,32,694800,,풍압,,2723000,,풍압,,,
43,33,695000,,풍압,,2725000,,풍압,,,
43,34,695700,,풍압,,2731000,,풍압,,○,
43,35,695900,,풍압,,2733000,,풍압,,,
43,36,696600,,풍압,,2739000,,풍압,,○,
43,37,696800,,풍압,,2741000,,풍압,,,
43,38,697500,,풍압,,2747000,,풍압,,○,
43,EX스테이지,420레벨 고정,리빌드 빅 토르소,풍압,EX보스전,640레벨 고정,리빌드 빅 토르소,풍압,EX보스전,,
43,39,697700,,풍압,,2749000,,풍압,,,
43,40,699400,헤비메탈,풍압,보스전,2770000,헤비메탈,풍압,보스전,○,
44,1,699400,,풍압,,2769060,,풍압,,,
44,2,700320,,풍압,,2772380,,풍압,,,
44,3,702100,,풍압,,2778580,,풍압,,○,
44,4,703020,,풍압,,2781900,,풍압,,,
44,5,703940,,풍압,,2785220,,풍압,,,
44,6,704860,,풍압,,2788540,,풍압,,,
44,7,705780,,풍압,,2791860,,풍압,,,
44,8,706700,,풍압,,2795180,,풍압,,,
44,9,708480,,풍압,,2801380,,풍압,,○,
44,10,709400,,풍압,,2804700,,풍압,,,
44,11,710320,,풍압,,2808020,,풍압,,,
44,12,711240,,풍압,,2811340,,풍압,,,
44,13,712160,,풍압,,2814660,,풍압,,,
44,14,713080,,풍압,,2817980,,풍압,,,
44,15,714860,,풍압,,2824180,,풍압,,○,
44,EX스테이지,420레벨 고정,,철갑,EX저지전,640레벨 고정,,철갑,EX저지전,,
44,16,715780,,풍압,,2827500,,풍압,,,
44,17,716700,,풍압,,2830820,,풍압,,,
44,17A-1,717620,,풍압,거점방어전,2834140,,풍압,거점방어전,,
44,17B-1,717620,,풍압,저지전,2834140,,풍압,저지전,,
44,17A-2,718540,,풍압,거점방어전,2837460,,풍압,거점방어전,,
44,17B-2,718540,,풍압,저지전,2837460,,풍압,저지전,,
44,18,719460,,풍압,,2840780,,풍압,,,
44,19,720380,,풍압,,2844100,,풍압,,,
44,20,722160,,풍압,,2850300,,풍압,,○,
44,21,723080,,풍압,,2853620,,풍압,,,
44,22,724000,,풍압,,2856940,,풍압,,,
44,23,724920,,풍압,,2860260,,풍압,,,
44,24,725840,,풍압,,2863580,,풍압,,,
44,25,727620,,풍압,,2869780,,풍압,,○,
44,26,728540,,풍압,,2873100,,풍압,,,
44,27,729460,,풍압,,2876420,,풍압,,,
44,28,730380,,풍압,,2879740,,풍압,,,
44,29,731300,,풍압,,2883060,,풍압,,,
44,30,733080,,풍압,,2889260,,풍압,,○,
44,EX스테이지,420레벨 고정,글러트니,작열,EX보스전,640레벨 고정,글러트니,작열,EX보스전,,
44,30A-1,734000,,풍압,저지전,2892580,,풍압,저지전,,
44,30B-1,734000,,풍압,거점방어전,2892580,,풍압,거점방어전,,
44,30A-2,734920,,풍압,저지전,2895900,,풍압,저지전,,
44,30B-2,734920,,풍압,거점방어전,2895900,,풍압,거점방어전,,
44,31,735840,,풍압,,2899220,,풍압,,,
44,32,736760,,풍압,,2902540,,풍압,,,
44,33,738540,,풍압,,2908740,,풍압,,○,
44,34,739460,,풍압,,2912060,,풍압,,,
44,35,740380,,풍압,,2915380,,풍압,,,
44,36,742800,앨트루이아,철갑,보스전,2923630,앨트루이아,철갑,보스전,○,
45,1,742800,,철갑,,2923600,,철갑,,○,
45,2,743100,,철갑,,2927300,,철갑,,,
45,3,743400,,철갑,,2931000,,철갑,,,
45,4,744300,,철갑,,2936000,,철갑,,○,
45,5,744600,,철갑,,2939700,,철갑,,,
45,6,744900,,철갑,,2943400,,철갑,,,
45,6A-1,745200,,철갑,거점방어전,2947100,,철갑,거점방어전,,
45,6B-1,745200,,철갑,저지전,2947100,,철갑,저지전,,
45,6A-2,745500,,철갑,거점방어전,2952100,,철갑,거점방어전,,
45,6B-2,745500,,철갑,저지전,2952100,,철갑,저지전,,
45,7,745800,,철갑,,2955800,,철갑,,,
45,8,746100,,철갑,,2959500,,철갑,,,
45,9,747000,,철갑,,2964500,,철갑,,○,
45,10,747300,,철갑,,2968200,,철갑,,,
45,11,748200,,철갑,,2973200,,철갑,,○,
45,EX스테이지,430레벨 고정,,전격,EX거점방어전,640레벨 고정,,전격,EX거점방어전,,
45,11A-1,748500,,철갑,거점방어전,2976900,,철갑,거점방어전,,
45,11B-1,748500,,철갑,저지전,2976900,,철갑,저지전,,
45,11A-2,748800,,철갑,거점방어전,2980600,,철갑,거점방어전,,
45,11B-2,748800,,철갑,저지전,2980600,,철갑,저지전,,
45,12,749100,,철갑,,2984300,,철갑,,,
45,13,749400,,철갑,,2988000,,철갑,,,
45,14,750300,,철갑,,2993000,,철갑,,○,
45,15,750600,,철갑,,2996700,,철갑,,,
45,16,750900,,철갑,,3000400,,철갑,,,
45,17,751800,,철갑,,3005400,,철갑,,○,
45,18,752100,,철갑,,3009100,,철갑,,,
45,19,752400,,철갑,,3012800,,철갑,,,
45,20,753300,,철갑,,3017800,,철갑,,○,
45,21,753600,,철갑,,3021500,,철갑,,,
45,22,753900,,철갑,,3025200,,철갑,,,
45,23,754800,,철갑,,3030200,,철갑,,○,
45,24,755100,,철갑,,3033900,,철갑,,,
45,25,755400,,철갑,,3037600,,철갑,,,
45,26,756300,,철갑,,3042600,,철갑,,○,
45,26A-1,756600,,철갑,거점방어전,3046300,,철갑,거점방어전,,
45,26B-1,756600,,철갑,저지전,3046300,,철갑,저지전,,
45,26A-2,756900,,철갑,거점방어전,3050000,,철갑,거점방어전,,
45,26B-2,756900,,철갑,저지전,3050000,,철갑,저지전,,
45,27,757200,,철갑,,3053700,,철갑,,,
45,28,757500,,철갑,,3057400,,철갑,,,
45,29,758400,,철갑,,3062400,,철갑,,○,
45,EX스테이지,430레벨 고정,랜드 이터,전격,EX보스전,640레벨 고정,랜드 이터,전격,EX보스전,,
45,30,758700,,철갑,,3066100,,철갑,,,
45,31,759000,,철갑,,3069800,,철갑,,,
45,32,760400,머슬 토드,전격,보스전,3086800,머슬 토드,전격,보스전,○,
46,1,760400,,철갑,,3086800,,철갑,,,
46,2,761300,,철갑,,3089700,,철갑,,,
46,3,763000,,철갑,,3096900,,철갑,,○,
46,4,763900,,철갑,,3099800,,철갑,,,
46,5,764800,,철갑,,3102700,,철갑,,,
46,6,765700,,철갑,,3105600,,철갑,,,
46,7,766600,,철갑,,3108500,,철갑,,,
46,8,768300,,철갑,,3115700,,철갑,,○,
46,9,769200,,철갑,,3118600,,철갑,,,
46,10,770100,,철갑,,3121500,,철갑,,,
46,11,771800,,철갑,,3128700,,철갑,,○,
46,12,772700,,철갑,,3131600,,철갑,,,
46,13,773600,,철갑,,3134500,,철갑,,,
46,14,775300,,철갑,,3141700,,철갑,,○,
46,14A-1,776200,,철갑,저지전,3144600,,철갑,저지전,,
46,14B-1,776200,,철갑,거점방어전,3144600,,철갑,거점방어전,,
46,14A-2,777100,,철갑,저지전,3147500,,철갑,저지전,,
46,14B-2,777100,,철갑,거점방어전,3147500,,철갑,거점방어전,,
46,15,778000,,철갑,,3150400,,철갑,,,
46,16,778900,,철갑,,3153300,,철갑,,,
46,17,780600,,철갑,,3160500,,철갑,,○,
46,EX스테이지,430레벨 고정,,전격,EX저지전,660레벨 고정,,전격,EX저지전,,
46,18,781500,,철갑,,3163400,,철갑,,,
46,19,782400,,철갑,,3166300,,철갑,,,
46,20,783300,,철갑,,3169200,,철갑,,,
46,21,784200,,철갑,,3172100,,철갑,,,
46,22,785900,,철갑,,3179300,,철갑,,○,
46,23,786800,,철갑,,3182200,,철갑,,,
46,24,787700,,철갑,,3185100,,철갑,,,
46,25,788600,,철갑,,3188000,,철갑,,,
46,EX스테이지,430레벨 고정,랜드 이터,전격,EX보스전,660레벨 고정,랜드 이터,전격,EX보스전,,
46,26,789500,,철갑,,3190900,,철갑,,,
46,27,790400,,철갑,,3193800,,철갑,,,
46,28,792100,,철갑,,3201000,,철갑,,○,
46,29,793000,,철갑,,3203900,,철갑,,,
46,30,793900,,철갑,,3206800,,철갑,,,
46,31,794800,,철갑,,3209700,,철갑,,,
46,32,795700,,철갑,,3212600,,철갑,,,
46,33,796600,,철갑,,3215500,,철갑,,,
46,34,798300,,철갑,,3222700,,철갑,,○,
46,35,799200,,철갑,,3225600,,철갑,,,
46,36,800100,,철갑,,3228500,,철갑,,,
46,37,801800,,철갑,,3235700,,철갑,,○,
46,38,802700,,철갑,,3238600,,철갑,,,
46,39,803600,,철갑,,3241500,,철갑,,,
46,40,806900,에고비스타,전격,보스전,3257350,에고비스타,전격,보스전,○,
